,hemophil,karnof,sex,strat2,tx,ivdrug_3,raceth_2,raceth_3,raceth_4,raceth_5,age,cd4,priorzdv
681,0.0,2.0,1.0,0.0,1.0,0.0,1.0,0.0,0.0,0.0,-0.9770251581603726,-1.040521843674505,0.006463990427058452
1140,0.0,3.0,1.0,0.0,0.0,0.0,0.0,0.0,0.0,0.0,-1.2040108009653077,-0.6862133648802166,0.3024918706042915
94,0.0,3.0,0.0,0.0,1.0,0.0,0.0,0.0,0.0,0.0,-0.18257540834310002,-1.2318484222234207,-0.7171597166728445
520,0.0,3.0,0.0,0.0,1.0,0.0,1.0,0.0,0.0,0.0,0.3848886986692376,-0.94840163918799,-0.8158356767319223
849,0.0,3.0,0.0,0.0,0.0,0.0,0.0,0.0,0.0,0.0,-0.7500395153554377,-0.7358165519114169,-0.782943690045563
606,0.0,2.0,0.0,0.0,1.0,1.0,1.0,0.0,0.0,0.0,0.3848886986692376,-1.217676083071649,0.17092392385885458
403,0.0,2.0,0.0,0.0,0.0,0.0,0.0,1.0,0.0,0.0,0.3848886986692376,-0.9838324870674189,-0.48691580986832994
239,0.0,3.0,0.0,1.0,0.0,0.0,0.0,0.0,0.0,0.0,2.0872810197062504,-0.5232314646348438,-0.782943690045563
1039,0.0,0.0,0.0,0.0,0.0,0.0,0.0,0.0,0.0,0.0,0.9523528056815752,-0.6932995344561024,0.4669518040360876
440,0.0,1.0,0.0,1.0,0.0,0.0,0.0,0.0,0.0,0.0,2.6547451267185878,-0.4169389209965573,-0.38823984980925225
510,0.0,2.0,0.0,0.0,1.0,0.0,1.0,0.0,0.0,0.0,2.3142666625111854,-1.0830388611298196,-0.6184837566137669
59,0.0,3.0,0.0,0.0,1.0,0.0,0.0,1.0,0.0,0.0,-0.8635323367579052,-1.0263495045227335,0.03935597711341768
487,0.0,2.0,0.0,0.0,1.0,0.0,0.0,0.0,0.0,0.0,0.8388599842791077,-0.9767463174915331,-0.6184837566137669
252,1.0,3.0,0.0,1.0,0.0,0.0,0.0,0.0,0.0,0.0,1.9737881983037828,-0.42402509057244314,-0.2895638897501746
312,0.0,3.0,0.0,0.0,0.0,0.0,0.0,0.0,0.0,0.0,0.9523528056815752,-1.040521843674505,-0.2566719030638154
722,0.0,2.0,0.0,0.0,1.0,0.0,0.0,0.0,0.0,0.0,-0.6365466939529701,-0.8586435384679008,-0.8158356767319223
184,0.0,1.0,0.0,0.0,0.0,0.0,0.0,0.0,0.0,0.0,0.27139587726677006,-0.9200569608844469,0.5327357774088061
358,0.0,2.0,1.0,0.0,1.0,0.0,1.0,0.0,0.0,0.0,0.3848886986692376,-1.0192633349468476,-0.6184837566137669
1006,0.0,2.0,0.0,0.0,1.0,0.0,0.0,0.0,0.0,0.0,-0.29606822974556757,-1.2318484222234207,-0.5526997832410484
78,0.0,1.0,0.0,1.0,0.0,0.0,0.0,0.0,0.0,0.0,0.7253671628766402,-0.3177325469341566,-0.1908879296910969
936,0.0,3.0,0.0,0.0,1.0,0.0,1.0,0.0,0.0,0.0,0.8388599842791077,-1.1397282177369057,0.2038159105452138
602,0.0,3.0,0.0,0.0,1.0,0.0,0.0,0.0,0.0,0.0,-0.8635323367579052,-1.0476080132503907,-0.48691580986832994
313,0.0,3.0,1.0,0.0,1.0,0.0,1.0,0.0,0.0,0.0,-1.9984605507825803,-1.0263495045227335,-0.5198077965546892
1136,0.0,2.0,0.0,0.0,1.0,0.0,0.0,1.0,0.0,0.0,-0.6365466939529701,-0.9342293000362184,-0.15799594300473768
438,0.0,2.0,0.0,0.0,0.0,0.0,1.0,0.0,0.0,0.0,0.9523528056815752,-1.2318484222234207,-0.5526997832410484
1037,0.0,1.0,0.0,1.0,0.0,0.0,0.0,1.0,0.0,0.0,0.9523528056815752,-0.21852617287175582,1.848415244863175
805,0.0,2.0,0.0,0.0,1.0,0.0,0.0,0.0,0.0,0.0,-0.29606822974556757,-1.0617803524021623,-0.782943690045563
95,0.0,1.0,0.0,0.0,1.0,1.0,0.0,0.0,0.0,0.0,-0.40956105114803504,-1.040521843674505,0.33538385729065073
523,0.0,0.0,1.0,1.0,0.0,1.0,1.0,0.0,0.0,0.0,-0.0690825869406325,0.8231407547834522,-0.35534786312289307
986,0.0,2.0,0.0,0.0,1.0,0.0,0.0,1.0,0.0,0.0,-0.5230538725505026,-1.075952691553934,0.664303724154243
23,0.0,3.0,0.0,0.0,1.0,0.0,0.0,1.0,0.0,0.0,-0.0690825869406325,-1.1751590656163347,-0.5198077965546892
794,0.0,1.0,0.0,1.0,1.0,0.0,0.0,0.0,0.0,0.0,1.4063240912914452,-0.6507825170007877,-0.48691580986832994
642,0.0,2.0,0.0,0.0,0.0,0.0,1.0,0.0,0.0,0.0,-0.7500395153554377,-1.0263495045227335,-0.5855917699274076
736,0.0,2.0,0.0,0.0,1.0,0.0,0.0,0.0,0.0,0.0,1.0658456270840426,-0.8987984521567896,-0.651375743300126
165,0.0,2.0,0.0,0.0,1.0,0.0,0.0,0.0,0.0,0.0,0.15790305586430253,-1.1184697090092484,-0.48691580986832994
334,0.0,2.0,0.0,0.0,1.0,0.0,0.0,0.0,0.0,0.0,-0.7500395153554377,-1.075952691553934,-0.8158356767319223
841,0.0,3.0,0.0,0.0,1.0,0.0,0.0,0.0,0.0,0.0,1.4063240912914452,-0.7003857040319881,-0.22377991637745615
771,0.0,1.0,1.0,0.0,0.0,0.0,0.0,1.0,0.0,0.0,0.27139587726677006,-0.76416123021496,0.10513995048613613
753,0.0,3.0,1.0,1.0,0.0,0.0,0.0,1.0,0.0,0.0,0.8388599842791077,-0.5303176342107296,-0.651375743300126
1120,0.0,1.0,1.0,1.0,0.0,0.0,0.0,0.0,0.0,0.0,0.7253671628766402,-0.32481871651004235,-0.026427996259300774
266,0.0,1.0,0.0,1.0,1.0,0.0,0.0,0.0,0.0,0.0,1.4063240912914452,-0.24687085117529892,1.1576835244496313
1007,0.0,2.0,0.0,1.0,0.0,0.0,0.0,0.0,0.0,0.0,2.5412523053161205,-0.39568041226890005,1.5852793513723011
641,0.0,1.0,0.0,0.0,1.0,1.0,1.0,0.0,0.0,0.0,1.4063240912914452,-1.0830388611298196,0.26959988391793227
92,0.0,2.0,0.0,0.0,0.0,0.0,0.0,0.0,0.0,0.0,0.15790305586430253,-1.0617803524021623,-0.8158356767319223
554,0.0,2.0,0.0,0.0,0.0,0.0,0.0,0.0,0.0,0.0,0.7253671628766402,-1.0617803524021623,-0.7171597166728445
36,0.0,2.0,1.0,0.0,0.0,0.0,1.0,0.0,0.0,0.0,-0.7500395153554377,-0.3602495643894712,-0.8158356767319223
150,1.0,2.0,1.0,1.0,0.0,0.0,0.0,0.0,0.0,0.0,-1.4309964437702427,-0.5303176342107296,1.0918995510769127
117,0.0,2.0,1.0,0.0,0.0,1.0,0.0,0.0,1.0,0.0,-1.5444892651727102,-1.1397282177369057,-0.6184837566137669
248,1.0,1.0,0.0,0.0,1.0,0.0,1.0,0.0,0.0,0.0,-2.338939014989983,-1.040521843674505,0.7629796842133206
265,0.0,1.0,1.0,0.0,1.0,0.0,1.0,0.0,0.0,0.0,-2.565924657794918,-1.2318484222234207,-0.8158356767319223
543,0.0,2.0,0.0,0.0,1.0,0.0,0.0,0.0,0.0,0.0,-0.8635323367579052,-0.7287303823355311,-0.22377991637745615
601,0.0,2.0,0.0,0.0,1.0,0.0,1.0,0.0,0.0,0.0,0.15790305586430253,-1.2318484222234207,1.0754535577337332
971,0.0,2.0,1.0,0.0,0.0,1.0,0.0,1.0,0.0,0.0,-0.6365466939529701,-0.8987984521567896,0.9274396176451168
373,0.0,1.0,0.0,0.0,0.0,1.0,0.0,1.0,0.0,0.0,-0.5230538725505026,-0.827936756397932,0.33538385729065073
611,0.0,2.0,0.0,1.0,1.0,0.0,0.0,0.0,0.0,0.0,2.7682379481210555,-0.3389910556618139,-0.8158356767319223
631,0.0,1.0,1.0,0.0,0.0,1.0,0.0,0.0,0.0,0.0,-0.9770251581603726,-1.1468143873127914,-0.782943690045563
540,0.0,2.0,0.0,0.0,1.0,0.0,0.0,0.0,0.0,0.0,-0.5230538725505026,-1.0192633349468476,-0.35534786312289307
428,0.0,0.0,0.0,1.0,1.0,0.0,0.0,0.0,0.0,0.0,1.4063240912914452,-0.19018149456821276,1.3550354445677866
1098,0.0,1.0,1.0,0.0,0.0,0.0,0.0,1.0,0.0,0.0,-1.0905179795628401,-0.6153516691213589,-0.38823984980925225
457,0.0,3.0,0.0,0.0,1.0,0.0,0.0,0.0,0.0,0.0,-0.7500395153554377,-1.2318484222234207,-0.8158356767319223
387,0.0,2.0,0.0,0.0,1.0,0.0,0.0,0.0,0.0,0.0,-0.6365466939529701,-1.2318484222234207,-0.1908879296910969
651,0.0,3.0,0.0,1.0,0.0,0.0,0.0,0.0,0.0,0.0,2.0872810197062504,-0.5657484820901585,1.9141992182358936
416,0.0,1.0,0.0,0.0,1.0,0.0,0.0,0.0,0.0,0.0,-1.0905179795628401,-0.7783335693667316,-0.15799594300473768
279,0.0,2.0,0.0,0.0,0.0,0.0,0.0,0.0,0.0,0.0,2.0872810197062504,-0.6295240082731304,1.2234674978223496
1086,0.0,3.0,0.0,0.0,1.0,0.0,0.0,0.0,0.0,0.0,-0.5230538725505026,-1.160986726464563,0.6971957108406022
171,0.0,2.0,1.0,0.0,1.0,0.0,0.0,1.0,0.0,0.0,0.8388599842791077,-0.6791271953043307,-0.4211318364956115
628,0.0,2.0,1.0,0.0,1.0,0.0,0.0,0.0,0.0,0.0,-0.18257540834310002,-0.4169389209965573,-0.22377991637745615
456,0.0,2.0,0.0,0.0,1.0,0.0,0.0,0.0,0.0,0.0,-0.9770251581603726,-0.42402509057244314,-0.7171597166728445
789,0.0,2.0,0.0,0.0,1.0,0.0,0.0,0.0,0.0,0.0,-0.18257540834310002,-0.7570750606390743,-0.7171597166728445
242,0.0,2.0,1.0,0.0,1.0,0.0,0.0,0.0,0.0,0.0,-1.3175036223677752,-0.8208505868220461,-0.7171597166728445
964,0.0,3.0,0.0,0.0,1.0,1.0,0.0,0.0,0.0,0.0,-1.2040108009653077,-0.8066782476702746,-0.8158356767319223
551,0.0,2.0,0.0,0.0,1.0,0.0,0.0,0.0,0.0,0.0,-1.3175036223677752,-1.0050909957950762,-0.5855917699274076
790,0.0,2.0,0.0,1.0,0.0,1.0,0.0,1.0,0.0,0.0,-1.0905179795628401,-1.0617803524021623,-0.4211318364956115
927,0.0,3.0,1.0,0.0,1.0,1.0,0.0,1.0,0.0,0.0,-0.40956105114803504,-1.104297369857477,-0.026427996259300774
955,0.0,2.0,0.0,0.0,1.0,0.0,1.0,0.0,0.0,0.0,-0.8635323367579052,-1.2318484222234207,-0.4211318364956115
191,0.0,3.0,0.0,0.0,0.0,0.0,1.0,0.0,0.0,0.0,-1.6579820865751778,-1.2035037439198777,-0.22377991637745615
949,0.0,2.0,0.0,0.0,1.0,0.0,0.0,1.0,0.0,0.0,-1.6579820865751778,-0.856281434701475,-0.782943690045563
944,0.0,2.0,0.0,0.0,1.0,1.0,0.0,0.0,0.0,0.0,0.15790305586430253,-0.8633676042773608,-0.7171597166728445
741,0.0,2.0,0.0,0.0,0.0,0.0,0.0,0.0,0.0,0.0,-0.29606822974556757,-0.8633676042773608,0.9932235910178353
464,0.0,3.0,0.0,0.0,1.0,1.0,1.0,0.0,0.0,0.0,1.4063240912914452,-1.189331404768106,-0.22377991637745615
903,0.0,3.0,0.0,0.0,1.0,0.0,0.0,0.0,0.0,0.0,-0.40956105114803504,-1.13264204816102,-0.7500517033592038
53,0.0,3.0,0.0,0.0,0.0,0.0,0.0,1.0,0.0,0.0,0.04441023446183501,-0.6153516691213589,-0.8487276634182814
932,0.0,3.0,1.0,0.0,1.0,0.0,1.0,0.0,0.0,0.0,-1.0905179795628401,-0.4523697688759862,-0.5198077965546892
839,0.0,3.0,0.0,0.0,0.0,0.0,0.0,0.0,0.0,0.0,0.3848886986692376,-0.7358165519114169,-0.8158356767319223
589,0.0,2.0,0.0,0.0,1.0,1.0,0.0,0.0,0.0,0.0,1.6333097340963803,-0.9342293000362184,-0.6184837566137669
216,0.0,2.0,0.0,0.0,0.0,0.0,0.0,1.0,0.0,0.0,1.9737881983037828,-0.7570750606390743,0.36827584397700996
257,0.0,2.0,0.0,1.0,0.0,1.0,0.0,0.0,0.0,0.0,1.4063240912914452,0.34836739319910565,0.49984379072244683
709,0.0,0.0,0.0,0.0,0.0,1.0,0.0,0.0,0.0,0.0,-0.18257540834310002,-0.9129707913085612,0.17092392385885458
506,0.0,3.0,0.0,0.0,0.0,0.0,0.0,0.0,0.0,0.0,1.4063240912914452,-1.0617803524021623,-0.22377991637745615
1055,0.0,1.0,0.0,0.0,1.0,0.0,0.0,0.0,0.0,0.0,-1.0905179795628401,-0.8208505868220461,-0.782943690045563
555,0.0,3.0,1.0,0.0,0.0,0.0,0.0,0.0,0.0,0.0,-1.3175036223677752,-1.1751590656163347,-0.026427996259300774
395,0.0,3.0,0.0,0.0,0.0,0.0,1.0,0.0,0.0,0.0,2.3142666625111854,-0.7287303823355311,0.2038159105452138
1121,0.0,2.0,0.0,0.0,1.0,0.0,0.0,1.0,0.0,0.0,-0.0690825869406325,-0.7570750606390743,-0.8158356767319223
495,0.0,2.0,0.0,0.0,0.0,0.0,1.0,0.0,0.0,0.0,-1.9984605507825803,-1.2318484222234207,-0.4540238231819707
30,1.0,3.0,0.0,0.0,1.0,0.0,0.0,0.0,0.0,0.0,0.9523528056815752,-0.9909186566433046,-0.09221196963201923
838,0.0,1.0,1.0,1.0,1.0,0.0,1.0,0.0,0.0,0.0,1.7468025554988478,-0.6011793299695873,-0.2895638897501746
477,0.0,2.0,1.0,0.0,1.0,0.0,1.0,0.0,0.0,0.0,2.0872810197062504,-1.1397282177369057,-0.37179385646607266
91,0.0,1.0,0.0,0.0,0.0,1.0,0.0,1.0,0.0,0.0,0.4983815200717051,-0.9767463174915331,-0.5198077965546892
837,0.0,2.0,0.0,1.0,0.0,0.0,0.0,1.0,0.0,0.0,-0.6365466939529701,-0.9058846217326754,-0.4540238231819707
782,0.0,3.0,1.0,1.0,0.0,0.0,0.0,0.0,0.0,0.0,0.15790305586430253,-0.42402509057244314,-0.6184837566137669
706,0.0,1.0,1.0,0.0,0.0,0.0,1.0,0.0,0.0,0.0,-0.40956105114803504,-0.46654210802775775,0.03935597711341768
88,0.0,3.0,0.0,0.0,0.0,0.0,0.0,0.0,0.0,0.0,0.04441023446183501,-1.1397282177369057,-0.7500517033592038
877,0.0,2.0,0.0,1.0,0.0,0.0,0.0,0.0,0.0,0.0,0.8388599842791077,-0.5940931603937015,1.552387364685942
1051,0.0,2.0,0.0,0.0,0.0,0.0,1.0,0.0,0.0,0.0,-0.6365466939529701,-0.6295240082731304,-0.8158356767319223
335,0.0,1.0,0.0,0.0,0.0,0.0,1.0,0.0,0.0,0.0,-0.9770251581603726,-0.9838324870674189,-0.7500517033592038
688,0.0,2.0,1.0,1.0,0.0,0.0,0.0,0.0,0.0,0.0,-1.2040108009653077,-0.26104319032707046,0.8287636575860391
25,0.0,2.0,0.0,0.0,0.0,1.0,0.0,1.0,0.0,0.0,-0.9770251581603726,-1.0830388611298196,-0.782943690045563
568,0.0,2.0,0.0,0.0,1.0,0.0,0.0,0.0,0.0,0.0,2.4277594839136527,-1.189331404768106,3.4601225924947774
243,0.0,2.0,0.0,0.0,0.0,0.0,0.0,0.0,0.0,0.0,0.9523528056815752,-0.5444899733625012,-0.7993896833887426
3,0.0,2.0,0.0,1.0,0.0,0.0,0.0,0.0,0.0,0.0,1.0658456270840426,-0.57992082124193,0.7300876975269615
1128,0.0,3.0,0.0,0.0,1.0,0.0,1.0,0.0,0.0,0.0,-1.3175036223677752,-1.189331404768106,-0.782943690045563
1040,0.0,1.0,1.0,1.0,0.0,0.0,0.0,0.0,0.0,0.0,1.1793384484865101,-0.6649548561525592,-0.7500517033592038
1137,0.0,3.0,0.0,0.0,0.0,0.0,1.0,0.0,0.0,0.0,-1.0905179795628401,-1.2318484222234207,-0.4375778298387911
319,0.0,3.0,0.0,1.0,1.0,0.0,0.0,0.0,0.0,0.0,1.8602953769013153,-0.034285763898725855,-0.22377991637745615
429,0.0,2.0,0.0,0.0,0.0,0.0,1.0,0.0,0.0,0.0,1.5198169126939127,-1.0192633349468476,-0.7171597166728445
738,0.0,1.0,0.0,0.0,1.0,0.0,0.0,0.0,0.0,0.0,2.9952235909259906,-0.8633676042773608,-0.48691580986832994
327,0.0,2.0,0.0,0.0,0.0,0.0,0.0,0.0,0.0,0.0,0.04441023446183501,-0.5940931603937015,-0.7500517033592038
304,0.0,2.0,0.0,0.0,0.0,0.0,0.0,1.0,0.0,0.0,-1.0905179795628401,-0.8917122825809038,-0.4540238231819707
535,0.0,3.0,0.0,0.0,0.0,0.0,0.0,0.0,0.0,0.0,1.4063240912914452,-0.5444899733625012,-0.8158356767319223
1100,0.0,3.0,0.0,0.0,0.0,0.0,0.0,0.0,0.0,0.0,-0.18257540834310002,-1.13264204816102,-0.782943690045563
298,0.0,2.0,0.0,0.0,0.0,0.0,0.0,0.0,0.0,0.0,1.2928312698889777,-1.012177165370962,-0.7500517033592038
1050,0.0,2.0,0.0,1.0,0.0,1.0,0.0,0.0,0.0,0.0,-0.6365466939529701,-0.43819742972421466,0.8616556442723984
276,1.0,3.0,0.0,0.0,0.0,0.0,0.0,0.0,0.0,0.0,1.5198169126939127,-1.0050909957950762,0.8945476309587576
633,0.0,2.0,1.0,0.0,1.0,0.0,1.0,0.0,0.0,0.0,-1.7714749079776453,-1.196417574343992,-0.782943690045563
424,0.0,3.0,0.0,0.0,0.0,0.0,0.0,1.0,0.0,0.0,0.04441023446183501,-1.040521843674505,-0.6678217366433057
290,0.0,1.0,0.0,0.0,0.0,0.0,1.0,0.0,0.0,0.0,0.3848886986692376,-1.0546941828262766,-0.8158356767319223
98,0.0,2.0,1.0,0.0,0.0,0.0,1.0,0.0,0.0,0.0,-1.6579820865751778,-0.94840163918799,-0.7171597166728445
1046,0.0,2.0,0.0,0.0,0.0,0.0,1.0,0.0,0.0,0.0,0.27139587726677006,-0.9767463174915331,1.124791537763272
872,0.0,2.0,0.0,1.0,0.0,0.0,0.0,0.0,0.0,0.0,1.2928312698889777,-0.6791271953043307,-0.5198077965546892
76,0.0,2.0,0.0,0.0,1.0,0.0,1.0,0.0,0.0,0.0,-0.5230538725505026,-1.1539005568886773,-0.026427996259300774
489,0.0,2.0,0.0,0.0,1.0,0.0,0.0,0.0,0.0,0.0,-0.6365466939529701,-0.9909186566433046,1.3550354445677866
984,0.0,2.0,0.0,0.0,1.0,0.0,0.0,0.0,0.0,0.0,0.15790305586430253,-0.884626113005018,-0.35534786312289307
890,0.0,2.0,1.0,0.0,0.0,0.0,1.0,0.0,0.0,0.0,-1.0905179795628401,-0.9554878087638757,-0.09221196963201923
1063,0.0,1.0,0.0,0.0,0.0,0.0,0.0,0.0,0.0,0.0,-0.29606822974556757,-0.94840163918799,0.960331604331476
221,1.0,3.0,0.0,0.0,1.0,0.0,1.0,0.0,0.0,0.0,-0.29606822974556757,-1.068866521978048,-0.09221196963201923
1075,0.0,2.0,0.0,0.0,0.0,0.0,0.0,0.0,0.0,0.0,0.3848886986692376,-0.7287303823355311,0.03935597711341768
728,0.0,2.0,0.0,0.0,0.0,0.0,0.0,0.0,0.0,0.0,-0.5230538725505026,-0.8917122825809038,-0.05931998294566
579,0.0,3.0,0.0,0.0,0.0,0.0,1.0,0.0,0.0,0.0,-0.5230538725505026,-0.9554878087638757,-0.6184837566137669
152,0.0,1.0,0.0,1.0,0.0,1.0,0.0,1.0,0.0,0.0,1.7468025554988478,0.25624718871259067,-0.782943690045563
2,1.0,3.0,0.0,0.0,1.0,0.0,0.0,0.0,0.0,0.0,-2.111953372185048,-0.8987984521567896,-0.7171597166728445
67,0.0,2.0,0.0,0.0,1.0,0.0,0.0,1.0,0.0,0.0,-0.6365466939529701,-0.6507825170007877,-0.12510395631837845
815,0.0,3.0,1.0,0.0,0.0,0.0,1.0,0.0,0.0,0.0,-1.0905179795628401,-1.1751590656163347,-0.8158356767319223
1068,0.0,1.0,0.0,1.0,0.0,0.0,1.0,0.0,0.0,0.0,-0.6365466939529701,-0.4311112601483289,-0.8158356767319223
1095,0.0,2.0,0.0,1.0,1.0,0.0,0.0,0.0,0.0,1.0,1.5198169126939127,-0.40985275142067157,-0.7500517033592038
726,0.0,2.0,1.0,0.0,1.0,0.0,1.0,0.0,0.0,0.0,-0.0690825869406325,-0.9767463174915331,0.8945476309587576
84,0.0,2.0,1.0,0.0,1.0,0.0,1.0,0.0,0.0,0.0,-1.6579820865751778,-0.9271431304603327,-0.12510395631837845
1071,0.0,2.0,0.0,0.0,0.0,0.0,1.0,0.0,0.0,0.0,-0.9770251581603726,-1.1680728960404487,-0.6842677299864853
6,0.0,3.0,0.0,1.0,0.0,0.0,1.0,0.0,0.0,0.0,1.4063240912914452,-0.45945593845187194,-0.8158356767319223
1058,0.0,2.0,0.0,0.0,1.0,0.0,0.0,1.0,0.0,0.0,-0.6365466939529701,-0.8704537738532465,-0.2895638897501746
573,0.0,2.0,0.0,0.0,1.0,1.0,1.0,0.0,0.0,0.0,2.4277594839136527,-0.94840163918799,-0.5198077965546892
724,0.0,1.0,0.0,0.0,0.0,1.0,0.0,1.0,0.0,0.0,-0.40956105114803504,-0.94840163918799,1.3550354445677866
47,0.0,2.0,1.0,0.0,1.0,1.0,0.0,0.0,0.0,0.0,-0.5230538725505026,-1.0263495045227335,-0.2566719030638154
490,0.0,2.0,0.0,0.0,0.0,0.0,0.0,0.0,0.0,0.0,-0.7500395153554377,-0.9838324870674189,-0.48691580986832994
584,0.0,2.0,0.0,1.0,0.0,1.0,0.0,0.0,0.0,0.0,0.4983815200717051,-0.5586623125142727,0.5656277640951654
644,0.0,1.0,0.0,0.0,0.0,1.0,0.0,1.0,0.0,0.0,-0.0690825869406325,-0.4948867863313008,-0.782943690045563
22,0.0,2.0,0.0,0.0,0.0,0.0,0.0,1.0,0.0,0.0,-0.6365466939529701,-0.9058846217326754,-0.8158356767319223
55,0.0,2.0,0.0,0.0,1.0,0.0,0.0,0.0,0.0,0.0,2.7682379481210555,-0.9980048262191904,-0.6842677299864853
102,0.0,1.0,0.0,0.0,0.0,1.0,1.0,0.0,0.0,0.0,0.4983815200717051,0.008231253556588757,-0.8158356767319223
1022,0.0,1.0,0.0,0.0,1.0,0.0,0.0,0.0,0.0,0.0,0.04441023446183501,-0.6862133648802166,-0.4211318364956115
162,0.0,2.0,0.0,0.0,1.0,1.0,1.0,0.0,0.0,0.0,0.9523528056815752,-1.217676083071649,2.9338508055130297
388,0.0,2.0,0.0,0.0,0.0,0.0,1.0,0.0,0.0,0.0,-1.2040108009653077,-1.0263495045227335,1.683955311431379
501,0.0,1.0,0.0,0.0,1.0,0.0,0.0,0.0,0.0,0.0,-0.8635323367579052,-0.8421090955497035,-0.5855917699274076
951,0.0,1.0,0.0,0.0,0.0,0.0,0.0,1.0,0.0,0.0,-0.6365466939529701,-0.275215529478842,-0.5526997832410484
179,0.0,3.0,0.0,0.0,0.0,0.0,0.0,0.0,0.0,0.0,-0.6365466939529701,-1.1539005568886773,1.124791537763272
910,0.0,2.0,0.0,0.0,0.0,1.0,0.0,0.0,0.0,0.0,-0.0690825869406325,-0.9909186566433046,-0.8158356767319223
578,0.0,1.0,0.0,0.0,1.0,0.0,0.0,0.0,0.0,0.0,0.7253671628766402,-0.43819742972421466,-0.1908879296910969
1080,0.0,2.0,0.0,0.0,1.0,0.0,1.0,0.0,0.0,0.0,-1.4309964437702427,-0.94840163918799,-0.7500517033592038
1015,0.0,1.0,0.0,1.0,1.0,0.0,0.0,1.0,0.0,0.0,-1.3175036223677752,-0.7783335693667316,-0.22377991637745615
812,0.0,1.0,0.0,0.0,1.0,0.0,1.0,0.0,0.0,0.0,-0.40956105114803504,-0.9554878087638757,2.144443125040408
720,1.0,3.0,0.0,1.0,0.0,0.0,0.0,0.0,0.0,0.0,-0.7500395153554377,-0.6791271953043307,0.5656277640951654
695,0.0,3.0,0.0,0.0,0.0,0.0,0.0,0.0,0.0,0.0,-0.0690825869406325,-0.9342293000362184,-0.4211318364956115
27,0.0,1.0,0.0,0.0,0.0,1.0,1.0,0.0,0.0,0.0,0.7253671628766402,-0.9342293000362184,-0.8487276634182814
852,0.0,2.0,0.0,0.0,0.0,0.0,0.0,1.0,0.0,0.0,-0.9770251581603726,-0.9200569608844469,0.03935597711341768
977,0.0,2.0,0.0,0.0,1.0,0.0,0.0,0.0,0.0,0.0,-0.0690825869406325,-1.189331404768106,-0.4211318364956115
625,0.0,2.0,1.0,0.0,0.0,0.0,1.0,0.0,0.0,0.0,-1.4309964437702427,-1.0546941828262766,-0.22377991637745615
107,0.0,2.0,0.0,0.0,0.0,0.0,0.0,0.0,0.0,0.0,-0.5230538725505026,-0.672041025728445,-0.15799594300473768
1079,0.0,2.0,0.0,0.0,1.0,1.0,1.0,0.0,0.0,0.0,0.15790305586430253,-1.0192633349468476,-0.026427996259300774
843,0.0,1.0,0.0,0.0,0.0,0.0,0.0,0.0,0.0,0.0,0.15790305586430253,-1.0192633349468476,1.3221434578814275
508,0.0,2.0,0.0,0.0,0.0,0.0,0.0,0.0,0.0,0.0,0.7253671628766402,-0.827936756397932,4.249530272967399
960,0.0,2.0,0.0,0.0,1.0,0.0,0.0,0.0,0.0,0.0,1.0658456270840426,-1.1539005568886773,-0.48691580986832994
230,0.0,3.0,1.0,0.0,1.0,0.0,0.0,0.0,1.0,0.0,-0.18257540834310002,-1.1255558785851343,4.6442341132037095
469,0.0,3.0,1.0,1.0,0.0,0.0,1.0,0.0,0.0,0.0,0.27139587726677006,-0.24687085117529892,-0.22377991637745615
757,0.0,2.0,0.0,1.0,0.0,0.0,1.0,0.0,0.0,0.0,2.3142666625111854,-0.8633676042773608,-0.2895638897501746
755,0.0,1.0,0.0,0.0,0.0,1.0,0.0,0.0,0.0,0.0,0.15790305586430253,-0.2256123424476416,-0.6184837566137669
415,0.0,2.0,0.0,0.0,1.0,0.0,1.0,0.0,0.0,0.0,0.15790305586430253,-1.2318484222234207,-0.38823984980925225
704,0.0,1.0,0.0,0.0,1.0,0.0,1.0,0.0,0.0,0.0,-0.7500395153554377,-1.0617803524021623,-0.7171597166728445
1103,0.0,2.0,0.0,0.0,1.0,0.0,0.0,0.0,0.0,0.0,-0.8635323367579052,-0.9909186566433046,-0.8158356767319223
274,0.0,3.0,0.0,0.0,1.0,0.0,1.0,0.0,0.0,0.0,1.8602953769013153,-1.2035037439198777,-0.05931998294566
277,1.0,2.0,0.0,0.0,0.0,0.0,1.0,0.0,0.0,0.0,0.7253671628766402,-0.8350229259738177,-0.22377991637745615
887,0.0,1.0,1.0,0.0,1.0,1.0,1.0,0.0,0.0,0.0,0.27139587726677006,-0.7854197389426173,2.3089030584722043
427,0.0,3.0,0.0,0.0,0.0,0.0,0.0,0.0,0.0,0.0,-0.6365466939529701,-1.2318484222234207,1.3221434578814275
254,0.0,2.0,0.0,0.0,1.0,0.0,1.0,0.0,0.0,0.0,-1.5444892651727102,-1.1184697090092484,-0.6842677299864853
223,0.0,2.0,0.0,0.0,0.0,0.0,0.0,0.0,0.0,0.0,0.8388599842791077,-0.8775399434291323,-0.4540238231819707
1045,0.0,2.0,0.0,0.0,0.0,0.0,1.0,0.0,0.0,0.0,-1.5444892651727102,-1.0901250307057053,-0.651375743300126
621,0.0,0.0,1.0,1.0,0.0,0.0,0.0,0.0,0.0,0.0,2.6547451267185878,0.7239343807210513,1.815523258176816
939,0.0,2.0,1.0,1.0,0.0,0.0,1.0,0.0,0.0,0.0,-1.6579820865751778,-0.4736282776036435,-0.5526997832410484
459,0.0,2.0,1.0,0.0,1.0,0.0,1.0,0.0,0.0,0.0,0.7253671628766402,-1.1539005568886773,-0.32245587643653384
157,0.0,2.0,0.0,0.0,1.0,0.0,0.0,0.0,0.0,0.0,-0.5230538725505026,-1.1751590656163347,0.8287636575860391
190,0.0,2.0,0.0,0.0,0.0,0.0,0.0,1.0,0.0,0.0,0.4983815200717051,-0.7925059085185031,1.7826312714904566
712,0.0,3.0,0.0,0.0,1.0,0.0,0.0,0.0,0.0,0.0,-0.5230538725505026,-0.94840163918799,-0.4211318364956115
776,0.0,2.0,0.0,0.0,1.0,0.0,0.0,1.0,0.0,0.0,-0.6365466939529701,-1.040521843674505,-0.05931998294566
255,0.0,2.0,0.0,0.0,0.0,0.0,0.0,0.0,0.0,0.0,1.4063240912914452,-0.5232314646348438,0.26959988391793227
289,0.0,3.0,0.0,0.0,1.0,0.0,0.0,1.0,0.0,0.0,-0.5230538725505026,-1.0050909957950762,0.49984379072244683
212,0.0,2.0,1.0,0.0,0.0,0.0,0.0,1.0,0.0,0.0,-1.4309964437702427,-0.9129707913085612,-0.7500517033592038
985,0.0,3.0,0.0,0.0,0.0,0.0,0.0,0.0,0.0,0.0,-0.7500395153554377,-1.0192633349468476,1.124791537763272
987,0.0,1.0,0.0,0.0,1.0,0.0,1.0,0.0,0.0,0.0,-0.6365466939529701,-0.4948867863313008,-0.8158356767319223
1101,0.0,2.0,0.0,0.0,0.0,0.0,0.0,0.0,0.0,0.0,0.7253671628766402,-0.9909186566433046,0.006463990427058452
807,0.0,2.0,0.0,0.0,1.0,0.0,0.0,1.0,0.0,0.0,-1.0905179795628401,-1.1680728960404487,0.006463990427058452
349,0.0,2.0,1.0,1.0,1.0,0.0,0.0,0.0,0.0,0.0,-1.4309964437702427,-0.3885942426930143,-0.026427996259300774
160,0.0,2.0,0.0,1.0,0.0,0.0,0.0,0.0,0.0,0.0,0.4983815200717051,-0.2256123424476416,-0.22377991637745615
1011,0.0,1.0,0.0,0.0,1.0,0.0,1.0,0.0,0.0,0.0,-0.8635323367579052,-1.2035037439198777,0.17092392385885458
873,0.0,2.0,1.0,0.0,1.0,0.0,1.0,0.0,0.0,0.0,-0.8635323367579052,-1.040521843674505,-0.8158356767319223
674,1.0,1.0,0.0,0.0,0.0,0.0,0.0,0.0,0.0,0.0,-2.111953372185048,-1.160986726464563,4.117962326221962
240,0.0,1.0,0.0,0.0,1.0,0.0,0.0,0.0,0.0,0.0,0.15790305586430253,-0.8491952651255892,-0.22377991637745615
375,0.0,2.0,0.0,0.0,1.0,0.0,0.0,1.0,0.0,0.0,-0.18257540834310002,-1.0192633349468476,-0.48691580986832994
683,0.0,1.0,0.0,1.0,0.0,0.0,0.0,0.0,0.0,0.0,0.3848886986692376,-0.5019729559071866,-0.5526997832410484
762,0.0,2.0,0.0,1.0,0.0,0.0,0.0,1.0,0.0,0.0,1.2928312698889777,-0.3389910556618139,0.17092392385885458
615,0.0,3.0,0.0,0.0,0.0,0.0,1.0,0.0,0.0,0.0,-0.8635323367579052,-1.0546941828262766,0.5656277640951654
891,0.0,3.0,0.0,0.0,0.0,0.0,1.0,0.0,0.0,0.0,1.0658456270840426,-1.1822452351922204,-0.4211318364956115
791,0.0,1.0,0.0,1.0,0.0,0.0,0.0,0.0,0.0,0.0,-0.0690825869406325,-0.608265499545473,0.4011678306633692
455,0.0,3.0,1.0,0.0,1.0,0.0,1.0,0.0,0.0,0.0,-1.5444892651727102,-1.189331404768106,-0.4540238231819707
566,0.0,3.0,0.0,1.0,0.0,0.0,0.0,0.0,0.0,0.0,-1.0905179795628401,-0.2681293599029562,0.13803193717249537
69,0.0,2.0,0.0,0.0,1.0,0.0,0.0,1.0,0.0,0.0,-0.8635323367579052,-1.0830388611298196,0.26959988391793227
124,0.0,1.0,0.0,0.0,0.0,0.0,0.0,1.0,0.0,0.0,-0.29606822974556757,-0.76416123021496,0.960331604331476
73,0.0,1.0,1.0,0.0,0.0,0.0,0.0,1.0,0.0,0.0,0.4983815200717051,-0.7216442127596454,0.664303724154243
231,0.0,1.0,0.0,1.0,0.0,0.0,0.0,0.0,0.0,0.0,2.3142666625111854,-0.5586623125142727,1.256359484508709
4,0.0,2.0,0.0,0.0,1.0,1.0,0.0,0.0,0.0,0.0,0.8388599842791077,-1.0901250307057053,-0.6184837566137669
875,0.0,2.0,1.0,0.0,0.0,0.0,0.0,0.0,0.0,0.0,-0.8635323367579052,-1.0617803524021623,-0.651375743300126
138,0.0,3.0,0.0,0.0,1.0,0.0,0.0,0.0,0.0,0.0,0.04441023446183501,-0.9129707913085612,-0.026427996259300774
708,0.0,2.0,0.0,0.0,0.0,1.0,1.0,0.0,0.0,0.0,1.9737881983037828,-0.6507825170007877,-0.4540238231819707
995,0.0,2.0,0.0,1.0,0.0,0.0,0.0,0.0,0.0,0.0,3.2222092337309256,0.7026758719933941,0.10513995048613613
297,0.0,2.0,0.0,0.0,0.0,0.0,0.0,0.0,0.0,0.0,-0.5230538725505026,-1.0546941828262766,-0.8158356767319223
70,0.0,3.0,0.0,0.0,1.0,0.0,1.0,0.0,0.0,0.0,-1.5444892651727102,-1.1704349572898571,-0.4540238231819707
1145,0.0,3.0,0.0,0.0,0.0,0.0,0.0,0.0,0.0,0.0,-1.5444892651727102,-0.9980048262191904,-0.782943690045563
275,0.0,3.0,1.0,1.0,0.0,0.0,1.0,0.0,0.0,0.0,-0.8635323367579052,-0.40985275142067157,-0.026427996259300774
814,0.0,1.0,0.0,0.0,0.0,1.0,0.0,0.0,0.0,0.0,-0.7500395153554377,-0.9909186566433046,0.10513995048613613
135,0.0,2.0,1.0,0.0,1.0,0.0,1.0,0.0,0.0,0.0,-0.9770251581603726,-0.07680278135404046,-0.6184837566137669
134,0.0,0.0,0.0,0.0,1.0,1.0,1.0,0.0,0.0,0.0,0.3848886986692376,-0.9271431304603327,-0.4211318364956115
719,0.0,1.0,1.0,0.0,1.0,0.0,0.0,0.0,0.0,0.0,0.4983815200717051,-0.7854197389426173,0.17092392385885458
804,0.0,3.0,0.0,0.0,0.0,1.0,0.0,1.0,0.0,0.0,-0.6365466939529701,-0.9129707913085612,-0.700713723329665
1036,0.0,3.0,1.0,0.0,0.0,0.0,0.0,0.0,0.0,0.0,-1.2040108009653077,-1.075952691553934,0.7629796842133206
612,0.0,1.0,0.0,1.0,0.0,1.0,0.0,0.0,0.0,0.0,0.3848886986692376,-0.3319048860859281,-0.48691580986832994
341,0.0,2.0,0.0,1.0,0.0,0.0,0.0,0.0,0.0,0.0,-0.40956105114803504,-0.6011793299695873,0.17092392385885458
685,0.0,1.0,0.0,0.0,0.0,0.0,0.0,0.0,0.0,0.0,-1.2040108009653077,0.397970580230306,-0.7171597166728445
386,0.0,1.0,0.0,0.0,0.0,0.0,1.0,0.0,0.0,0.0,-0.9770251581603726,-0.8704537738532465,-0.38823984980925225
97,0.0,1.0,0.0,0.0,0.0,1.0,0.0,0.0,0.0,0.0,0.15790305586430253,0.6955897024175083,0.8616556442723984
101,0.0,1.0,0.0,1.0,1.0,0.0,0.0,0.0,0.0,0.0,1.8602953769013153,0.18538549295373297,-0.8487276634182814
1003,0.0,0.0,0.0,1.0,1.0,0.0,0.0,0.0,0.0,0.0,-0.0690825869406325,-0.5657484820901585,0.33538385729065073
384,0.0,3.0,1.0,0.0,1.0,1.0,1.0,0.0,0.0,0.0,0.27139587726677006,-1.1468143873127914,0.36827584397700996
1008,0.0,2.0,0.0,1.0,0.0,0.0,0.0,0.0,0.0,0.0,-0.0690825869406325,-0.3602495643894712,0.5656277640951654
1091,0.0,2.0,0.0,0.0,0.0,0.0,0.0,0.0,0.0,0.0,-0.18257540834310002,-0.827936756397932,-0.700713723329665
236,0.0,1.0,0.0,1.0,0.0,1.0,0.0,1.0,0.0,0.0,1.1793384484865101,-0.09806129008169777,0.960331604331476
816,0.0,2.0,0.0,0.0,0.0,0.0,0.0,1.0,0.0,0.0,-1.2040108009653077,-0.8775399434291323,-0.7993896833887426
176,0.0,2.0,0.0,0.0,0.0,0.0,0.0,0.0,0.0,0.0,-0.7500395153554377,-0.9342293000362184,-0.6842677299864853
639,0.0,2.0,1.0,0.0,1.0,0.0,1.0,0.0,0.0,0.0,0.3848886986692376,-0.46654210802775775,-0.6184837566137669
273,0.0,3.0,0.0,0.0,0.0,0.0,0.0,0.0,0.0,0.0,0.27139587726677006,-1.0192633349468476,-0.48691580986832994
725,0.0,3.0,1.0,0.0,0.0,0.0,0.0,0.0,0.0,0.0,-0.6365466939529701,-0.8491952651255892,-0.22377991637745615
850,0.0,2.0,0.0,0.0,1.0,0.0,0.0,0.0,0.0,0.0,0.04441023446183501,-1.2318484222234207,1.9470912049222526
539,0.0,1.0,0.0,0.0,0.0,1.0,1.0,0.0,0.0,0.0,0.7253671628766402,-1.2318484222234207,-0.4211318364956115
582,0.0,2.0,1.0,0.0,1.0,0.0,1.0,0.0,0.0,0.0,-1.2040108009653077,-1.1397282177369057,-0.5526997832410484
118,0.0,0.0,1.0,1.0,1.0,1.0,1.0,0.0,0.0,0.0,-0.5230538725505026,-0.6295240082731304,-0.651375743300126
587,0.0,2.0,0.0,0.0,1.0,0.0,0.0,0.0,0.0,0.0,0.04441023446183501,-1.2105899134957634,0.17092392385885458
699,0.0,2.0,0.0,0.0,1.0,1.0,0.0,0.0,0.0,0.0,0.15790305586430253,-0.884626113005018,-0.7500517033592038
786,0.0,2.0,0.0,0.0,0.0,1.0,0.0,1.0,0.0,0.0,0.04441023446183501,-0.5657484820901585,-0.5855917699274076
144,0.0,2.0,1.0,1.0,0.0,0.0,0.0,0.0,0.0,0.0,-1.0905179795628401,-0.4523697688759862,0.17092392385885458
973,0.0,3.0,0.0,0.0,1.0,0.0,0.0,1.0,0.0,0.0,-0.5230538725505026,-0.8633676042773608,-0.35534786312289307
478,0.0,2.0,0.0,0.0,1.0,0.0,0.0,0.0,0.0,0.0,-1.0905179795628401,-1.0334356740986193,-0.651375743300126
994,0.0,1.0,0.0,1.0,0.0,0.0,0.0,0.0,0.0,0.0,-0.6365466939529701,-0.275215529478842,-0.8158356767319223
775,0.0,2.0,0.0,1.0,0.0,0.0,0.0,1.0,0.0,0.0,-0.7500395153554377,-0.8633676042773608,-0.7171597166728445
552,1.0,3.0,0.0,0.0,0.0,0.0,0.0,1.0,0.0,0.0,-1.2040108009653077,-1.1751590656163347,0.7958716708996799
