interactions,components,n_parameters,harrell_c,ci_low,ci_high,same_design_as,delta_c_vs_baseline,delta_ci_low,delta_ci_high,delta_p
recommended,none,13,0.741941104722077,0.6537050263034302,0.8273496614768486,,,,,
recommended,exclusion,12,0.7440320613347273,0.6546762004669867,0.8295066902817396,,0.002090956612650352,-0.007460216079985324,0.01354804069553108,0.852
recommended,nonlinear,18,0.7475169890224778,0.6597949272142956,0.8314213993541283,,0.005575884300400791,-0.014392976576541868,0.026295733889757898,0.61
recommended,interaction,13,0.741941104722077,0.6537050263034302,0.8273496614768486,none,0.0,0.0,0.0,1.0
recommended,exclusion + nonlinear,17,0.7485624673288029,0.6622267526146837,0.831279448926264,,0.006621362606725967,-0.019785968458727536,0.03380780333561941,0.676
recommended,exclusion + interaction,12,0.7440320613347273,0.6546762004669867,0.8295066902817396,exclusion,0.002090956612650352,-0.007460216079985324,0.01354804069553108,0.852
recommended,nonlinear + interaction,18,0.7475169890224778,0.6597949272142956,0.8314213993541283,nonlinear,0.005575884300400791,-0.014392976576541868,0.026295733889757898,0.61
recommended,exclusion + nonlinear + interaction,17,0.7485624673288029,0.6622267526146837,0.831279448926264,exclusion + nonlinear,0.006621362606725967,-0.019785968458727536,0.03380780333561941,0.676
"confirmed, budget ignored",none,13,0.741941104722077,0.6537050263034302,0.8273496614768486,,,,,
"confirmed, budget ignored",exclusion,12,0.7440320613347273,0.6546762004669867,0.8295066902817396,,0.002090956612650352,-0.007460216079985324,0.01354804069553108,0.852
"confirmed, budget ignored",nonlinear,18,0.7475169890224778,0.6597949272142956,0.8314213993541283,,0.005575884300400791,-0.014392976576541868,0.026295733889757898,0.61
"confirmed, budget ignored",interaction,14,0.7257361909740373,0.6350743217163092,0.8132920571173583,,-0.016204913748039673,-0.04317175670625382,0.011992666634956435,0.248
"confirmed, budget ignored",exclusion + nonlinear,17,0.7485624673288029,0.6622267526146837,0.831279448926264,,0.006621362606725967,-0.019785968458727536,0.03380780333561941,0.676
"confirmed, budget ignored",exclusion + interaction,13,0.7286983795086251,0.6385871313473843,0.8172214758043188,,-0.013242725213451823,-0.043110989190721205,0.016191919143018964,0.368
"confirmed, budget ignored",nonlinear + interaction,19,0.7133646976825231,0.6182822965409671,0.8040021631194563,,-0.028576407039553886,-0.07854855511203095,0.02466440219671217,0.272
"confirmed, budget ignored",exclusion + nonlinear + interaction,18,0.7173723645234361,0.6261168722808272,0.8062922862902832,,-0.02456874019864086,-0.07655442715700149,0.029903203861255435,0.352
