model,term,coef,se_model,boot_mean,boot_sd,boot_ci_low,boot_ci_high,sign_agreement,n_boot,n_failed,sd_ratio
Cox_all,sex,0.36696874570756033,0.351479364853008,0.37203581506828426,0.39056866137164714,-0.48055308877838615,1.0330097448538362,0.826,500,0,1.1112136313748793
Cox_all,strat2,-0.17657878790458875,0.47311514679336186,-0.19366967601980062,0.4776011168052297,-1.2064528873620297,0.7001620351655131,0.66,500,0,1.0094817721272982
Cox_all,tx,-0.7561387995509995,0.2665503791092834,-0.7631279114116064,0.2746038244618613,-1.3082810607211472,-0.2457013445786042,0.998,500,0,1.030213595566773
Cox_all,ivdrug_3,-0.7723628264014477,0.4155565997862383,-0.9439501197673087,0.776281856028644,-2.167944214161772,-0.13790774985482954,0.988,500,0,1.8680532481687504
Cox_all,raceth_2,-0.5669940030273292,0.33365723468381925,-0.5915622141466784,0.3860968196596012,-1.4365000585463046,0.09182196729859902,0.952,500,0,1.157166036053361
Cox_all,raceth_3,0.0684752261552379,0.32600978991671803,0.06280057372550221,0.3605286274312913,-0.6666230571644183,0.696176103371593,0.572,500,0,1.105882824940292
Cox_all,raceth_4,0.548736762897775,0.7424432991395951,-1.2029977781326178,4.454296661451056,-11.77791698370121,1.9792634921927663,0.702,500,0,5.999510894115503
Cox_all,raceth_5,0.644607370299582,1.043745555376159,-3.470252440158198,5.635079732697957,-11.330269783981612,2.237777915211224,0.58,500,0,5.398901776081922
Cox_all,age,0.14486321459981977,0.14524490989769118,0.1491401229130085,0.14462516321008106,-0.1181920148280931,0.44846267537579004,0.848,500,0,0.9957330918649978
Cox_all,cd4,-1.0864087533131328,0.3614124849431182,-1.1738405218760077,0.4321830640390675,-2.1116531247579395,-0.42262172088900835,0.998,500,0,1.195816641771763
Cox_all,priorzdv,-0.032969573183473475,0.23628046060548766,-0.04245478169790834,0.25195792703633635,-0.5232301820195744,0.44991018488466017,0.598,500,0,1.0663510913711356
Cox_all,age_quad,0.047077927133601705,0.08155249820953688,0.036537468608023614,0.09699303365747856,-0.1917225943924319,0.19508775380718218,0.658,500,0,1.189332464203237
Cox_all,cd4_quad,-0.0694037649967938,0.315585881672671,-0.14783483234551087,0.30335869790590175,-0.8263523137756503,0.3071591314998034,0.66,500,0,0.9612556059163274
Cox_all,karnof_lvl1,-1.014869377487285,0.44821279504699596,-1.039220245453021,0.5081300042405943,-2.0742016492443445,0.022694287738651793,0.974,500,0,1.133680273869281
Cox_all,karnof_lvl2,-1.4145677564047823,0.4363278956393822,-1.4436727642772993,0.503034494741545,-2.327944223241108,-0.42949742495965604,0.992,500,0,1.1528818115202397
Cox_all,karnof_lvl3,-2.0257712011733267,0.511198282495146,-2.0863468954476985,0.5598389024762004,-3.111541711043459,-0.9938841667368176,0.996,500,0,1.0951502022730608
Cox_all,priorzdv_quad,-0.23183597877801929,0.22060229267789822,-0.3022344875308719,0.21632145257869792,-0.8414777740033755,-0.002183855812662261,0.974,500,0,0.9805947615175027
