row,name,n,events,n_parameters,n_interaction_terms,events_per_parameter,riley_p_max
split,train,920,66,,,,
split,test,231,30,,,,
subcohort,low,373,0,,,,
subcohort,high,270,26,,,,
model,Cox_org,920,66,13.0,0.0,5.076923076923077,7.0
model,Cox_exclu,920,66,12.0,0.0,5.5,7.0
model,Cox_nonlinear,920,66,18.0,0.0,3.6666666666666665,7.0
model,Cox_inter,920,66,13.0,0.0,5.076923076923077,7.0
model,Cox_all,920,66,17.0,0.0,3.8823529411764706,7.0
model,Cox_all_confirmed,920,66,18.0,1.0,3.6666666666666665,7.0
