,hemophil,karnof,sex,strat2,tx,age,cd4,priorzdv,ivdrug,raceth
1062,0.0,0.0005519258982162063,0.0,0.0,0.0,0.0013559720759048098,0.0009712441424562851,0.005145089041784453,0.0,0.0
744,0.0,-0.0008282295551234279,0.014395310720559822,0.0,0.0,0.0,-0.005611339884910351,0.002235332614348088,0.0,0.0
690,0.0,0.002826687057630556,0.0,0.0,0.01848171378395977,0.0,-0.0035539460042185657,-0.005438444393931607,0.0,-0.002340258265517861
1113,0.0,0.0,0.0,0.0,0.0,0.001435851372380145,0.0,-0.006152127695559146,-0.0005232498461089103,0.0
197,0.0,0.0,0.0,0.0,0.016200014599517976,0.0019619853739598994,-0.0036188866489668876,-0.010860880226819688,0.0,0.0
624,0.0,0.020019602748157395,0.0,0.0,0.0,0.0,-0.0002468099285625157,-0.00035011684506142517,0.0,0.0
604,0.0,0.0,0.0,0.0,0.0214193035098569,0.004190362837981095,0.0,-0.003025624881019223,0.0,-0.0013309628356319853
957,0.0,-0.00016488314282882277,0.0,0.0,0.0,0.0021414372606191404,-0.0033971761535570065,-0.006568125503530959,0.0,0.0
1085,0.0,0.0,0.0,0.0,0.0,0.002530640837430943,-0.005670333982188189,-0.002743384095554884,0.0,0.0090174491361399
423,0.0,0.0015223788762123204,0.0,0.0,0.014926065493643222,0.0008911803374880151,-0.002080430739199691,-0.010736001834548599,0.0,0.0013945208668091802
121,0.0,0.0016692219478589877,0.005470249933008431,0.0,0.0,0.00025500834656355914,-0.004553718224761414,-0.0018675250711403526,0.0006435430299081931,-0.0011580248770745418
1018,0.0,0.002567113146325954,0.0,0.0,0.0,0.0,0.015724342532562878,-0.009005342306622132,0.0,-0.003698092259374416
531,0.0,-0.0007337833798494548,0.0,0.0,0.0,0.005374661431538995,0.0,0.0010415859546709326,0.0,0.0
783,0.0,0.0,0.0,0.0,0.0,0.0017232592246180468,-0.00581273882958416,0.002355179125782627,0.0,0.0
300,0.0,-0.000694941635050353,0.0,0.0,0.016511121341761945,0.0034733065216586557,-0.0075220228342174535,-0.0003276526557641733,0.0,0.0038408417379160054
597,0.0,0.0,0.0,0.0,0.0,-0.00019646841021726986,-0.004903130583124301,0.0,0.0004704143100418092,0.0
569,0.0,0.0,0.0,0.0,0.0,0.003473054539936169,-0.005068584001414822,-0.0016298800593703548,0.0,0.0
801,0.0,0.0,0.0,0.0,0.0,0.002742310770773773,-0.0035320159486097254,-0.005855716542309436,-0.0009234623464520735,-0.002442335920648054
504,0.0,-0.0008778427280121815,0.0,0.0,0.013682037437153734,0.00037379077249284414,-0.004826473759300572,-0.011313792777006986,0.0,0.0
691,0.00027729742387774467,-0.0019825644188325125,0.0,0.0,0.008751356627258457,0.013361517989398674,-0.005124200234237939,-0.006200461791009334,0.0,0.001361131074614596
1089,0.0,0.0,0.0,0.0,0.017722817251186324,0.00446806538044542,-0.0039498634416364475,-0.013499661392113534,0.0,0.0
1078,0.0,-0.0003068321765767254,0.0,0.0,0.0,0.0,-0.0038746208332308095,-0.005835669177338721,0.0,0.0
471,0.0,0.0014004647636367046,0.0,0.0,0.01902399413347785,0.006233421006733624,-0.0016915248898773556,-0.010944899166898382,-0.0016778621359738594,0.005335550295783915
337,0.0,0.0,0.0,0.0,0.017867789154395113,0.0,-0.0073879453984299565,-0.0068549841285292755,0.0,0.0
306,0.0,0.0,0.01244641945325246,0.0,0.0,0.0019062352428008498,-0.0050128199632159245,0.005741479633331472,0.0,-0.002460351885255665
846,0.0,0.0,0.0,0.0,0.013182105963018094,0.0015263330499796334,-0.004648466320866195,-0.010946896361144827,-0.00026119834681302863,0.004257754683039838
761,0.0,0.010778835012577492,0.0,0.0,0.0,0.006034122150335362,0.018316849102990963,-0.006199272791802164,0.0,0.0
281,0.0,-0.0004256445109253274,0.0,0.0,0.015171241475807876,0.003951308902270943,-0.005011525067106712,-0.014942765951784946,0.0,0.0
921,0.0,0.0009811624388872259,0.0,0.0,0.0,0.010013949315348549,0.020465159617507927,-0.009546151439376193,0.0,0.0
311,0.00034646133423401216,0.012949603446383592,0.0,0.0,0.0,0.0,-0.004755080775146224,-0.0024004799452019285,0.0,0.0
421,0.0,0.0,0.0,0.0,0.0,0.0028761177981558366,-0.0034376053678500376,-0.00494620174110277,-0.0009565892388188231,-0.0026307403213484586
7,0.0,0.013166955348403417,0.0,0.0,0.0,0.0012863372136840256,-0.0034177708749190865,-0.001193838394184317,-0.0028794272946476643,-0.003283572271396662
1028,0.0,0.0026624031425982997,0.0,0.0,0.01783744833770022,0.0,0.0169710353728484,-0.014999900178983169,0.0,-0.003208417570763754
660,0.0,0.0,0.0,0.0,0.020485019315751356,0.001170127600462395,-0.007556597701102643,-0.0076915477140271004,0.0,0.0
218,0.0,0.0,0.0,0.0,0.0,-0.00034251310917198137,-0.004062838574296947,-0.005670159476417711,0.0,0.0048141684909981525
519,0.0,0.0022162382176185444,0.0,0.0,0.0,0.0013741213833593556,0.029526771532710966,-0.0012668536862103022,0.0,-0.004885025228621208
317,0.0,0.0014322008116572508,0.0,0.0,0.019328156259057733,0.0006510171750467586,-0.005537956484619366,-0.004911153477210239,0.0,0.0
354,0.0,0.0,0.0,0.0,0.02378297490080997,0.0,-0.00029467985247065565,-0.002308867057409578,0.0,0.0
862,0.0,0.0,0.0,0.0,0.0,0.01109942331161171,-0.006358492309077475,-0.0042363358686322095,0.0,0.0
189,0.0,0.0,0.0,0.0,0.017838859645710147,0.002876750938153725,-0.006007447469631389,-0.00649429219958983,0.0,-0.004034887894710628
202,0.0,0.0,0.0,0.0,0.0,0.008571162863419749,-0.0057847206199087816,-0.002368952722800138,0.0,0.0034745080300942295
390,0.0,0.0,0.011754272245173433,0.0,0.0,0.001475205768735506,-0.006454086715876211,0.003747556595312088,-0.003119926296288798,0.003592822146858104
116,0.0,0.0,0.0,0.0,0.014977525594341677,0.012189390049192443,-0.0033022260107681486,-0.01025955727413984,0.0,0.0024895764999217974
1024,0.0,0.0,0.0,0.0,0.0,0.003615252570364619,-0.005488906234626528,-0.002453976652609316,-0.0013981005854935015,0.006438671774552162
1141,0.0,0.0,0.0,0.0,0.0,0.0060296056612554666,-0.005353182772280843,0.001016008571331043,0.0,0.0
993,0.0,0.0,0.0,0.0,0.01943425354201169,0.0018030867776145341,-0.0003824303818202972,-0.004614977969362254,0.0,0.002975716518282382
714,0.0,-0.004613969511675292,0.0,0.0,0.0,0.01404438662605764,0.0,-0.0018678345600119488,0.0,0.0020524987228584804
8,0.0,-0.0009987443911589917,0.0,0.0,0.015171048097497124,0.0019138326194713465,0.0,-0.013795779425914348,0.0,0.0
1033,0.0,0.0,0.013764032782294324,0.0,0.0,0.0011826901862025032,-0.006807967547208046,0.005298980567050404,0.0,0.003300550008350163
182,0.0,0.0,0.0,0.0,0.01576081246428237,0.0010254970459544152,0.00035584090246459747,-0.01206457669885014,-0.0008006197740900906,-0.0022104960734430777
696,0.0,-0.0014995560699988695,0.0,0.0,0.015383353380590542,0.0016959770956718977,0.0,-0.012699996175746539,0.0,0.0
659,0.0,0.0,0.005597348502061815,0.0,0.0,0.002559501839023941,-0.004279304586229693,-0.0019472634642531258,0.0,-0.0044921974653146365
926,0.0,0.015212148971180211,0.0,0.0,0.0,0.0019459566682912374,-0.0040596879776732125,0.0,0.0,0.00879575264003362
678,0.0,0.0,0.0,0.0,0.0,0.003832188474988781,-0.00464725327536221,-0.0027800245203397347,0.0,0.0
859,0.0,0.0,0.01387425744308064,0.0,0.0,0.0021607456866097035,0.0,0.0007963150883384517,0.0,-0.004591481972014867
623,0.0,0.0,0.0,0.0,0.0,-0.000596211219851701,0.00042161347371073903,0.001325930388153209,0.0,0.0
745,0.0,0.0,0.0,0.0,0.022268528743599515,0.0017078633061558715,-0.006106888466306087,0.0011023627073386034,0.005018238636118999,0.0
114,0.0,0.001123686338615629,0.0,0.0,0.0,0.003841101176183672,0.0,-0.005732706214173101,0.0,0.0020195712287672933
200,0.0,-0.0025008742402799575,0.0,0.0,0.0,0.003364807197314937,0.0,-0.0038003758041634745,0.0,0.0
1096,0.0,-0.0013269973979028312,0.0,0.0,0.0,0.0007964789335992528,-0.0031614148875502047,-0.006912337332802502,-0.00039158019672860984,0.0036957871152128617
1139,0.0,0.0,0.0,0.0,0.009349003023706814,0.017220421374753034,-0.0012752777049495068,-0.006034393792892575,0.0,0.0
211,0.0003373701887570916,-0.0018634759803079475,0.0,0.0,0.0,0.011535685489378968,0.0,-0.006591327810107916,0.0,0.0
544,0.0,0.0,0.0,0.0,0.012737091738429395,0.0008428029779842055,-0.0002801770409464749,-0.0070495178139424785,0.0,0.00382837927209992
1031,0.0005536085272479167,0.0,0.0,0.0,0.0,0.002274378843656378,0.0007835890305753674,-0.0033025920310057588,0.0,0.0
81,0.00030324829944980425,0.0007350284429268984,0.0,0.0,0.011535247391192714,0.01416470168898227,-0.004689930067162152,-0.012493783071532248,0.0,0.0
156,0.0,0.011964439426271302,0.0,0.0,0.0,0.006906269311427187,-0.0007684046917247785,-0.005842003393093848,0.0,0.0
173,0.0,0.0011685293907198104,0.0,0.0,0.0,0.0013608892100452216,-0.0036857291145790203,-0.002927200595132617,0.0,0.0
146,0.0,0.0,0.0,0.0,0.0,0.0010528007396506528,-0.006683911759161671,0.001417643920650785,0.0,0.0
608,0.0,0.000673163169779098,0.0,0.0,0.0,0.0013737640675663928,-0.0038531507277811427,-0.003189315628333413,0.0,0.0
575,0.0,0.0,0.012083979112676812,0.0,0.0,0.0022026192075763396,-0.005981385891066056,0.00021137306600884677,0.0,0.004222969827263732
65,0.0,0.0,0.0,0.0,0.012560015471150356,0.00473328728888889,0.0143001348815378,-0.014015951522989123,0.0,0.0031163578739549745
17,0.0,0.0,0.0,0.0,0.0,0.002180421667177049,-0.004230912370745248,-0.0011541909156481851,0.0,0.0
976,0.0,0.0,0.0,0.0,0.0,0.001705608601817643,-0.006623286013648209,-0.001391712634292816,0.0030193698524961037,0.0
581,0.0,0.0021905999819456677,0.0,0.0,0.01944292120110172,0.0029606262717796553,0.01750617760225119,-0.014673929311486967,0.0,-0.0025672532202064835
627,0.0,0.010980117650607255,0.0,0.0,0.0,0.0035287295327952545,0.015933163938388412,-0.005976873151026671,0.0,0.0
546,0.0,-0.007602799996216332,0.0,0.01497834387436156,0.0,0.0,0.04023836583987246,-0.009253991429157537,0.0,-0.00825193813364715
1067,0.0,0.0015846149050950324,0.007955554919627988,0.0,0.0,0.016213341091794984,-0.005437958524463252,-0.005652315498243009,0.0,0.0007050237895333839
250,0.0,0.001698324819000345,0.0,0.0,0.0148401407514445,0.006248517870036519,0.011361003799000274,-0.010326987248420003,0.0,0.0016113006538337714
1016,0.0,-0.0016558330172860986,0.0,0.0,0.013746976907499325,0.018006532743374114,-0.006334185908709728,-0.013041777870468913,0.0,0.0
1070,0.0,0.0,0.0,0.03237963301934477,0.0,0.0027694948280431314,0.01020412223812966,-0.004630704382868009,-0.005696289402000036,-0.006798346026258077
414,0.0,0.0,0.0,0.0,0.01971552237013692,0.008298985281026478,-0.0014329774029661763,-0.01124946267551462,0.0,0.005561012183274867
443,0.0,0.000347198490789246,0.0,0.0,0.0,0.012366744534121711,-0.006023493077216473,-0.0007712791882207484,0.0,0.0
596,0.0,0.021191084365946102,0.0,0.0,0.0,0.001760193337356477,-0.0047406444393892555,-0.00026555840772878384,0.0,0.0
38,0.0,0.0,0.0,0.0,0.0,0.04754696033569086,-0.00643918762212897,-0.009751298187969526,0.0,-0.005948070835938603
394,0.0,0.000556317265836025,0.0,0.0,0.01712112713209567,0.0017771285307871599,-0.0030418463401643116,-0.015399558986528013,0.0,0.0
1048,0.0,0.0,0.007183860190254917,0.0,0.021180432623685894,0.0037590183671240636,-0.0004338069120843127,-0.004429906413723366,0.0,0.0
432,0.0,-0.0008170352708749612,0.0,0.0,0.012598037289217366,0.0025685742839427015,-0.005137754431230838,-0.010841576666786305,0.0,0.0
26,0.0,-0.0014990851077991633,0.0,0.0,0.0,0.0009974274507049173,-0.0037249918735280125,-0.0009364085038205876,0.0,0.0
89,0.0,0.000960910685263317,0.013407934514412353,0.0,0.0,0.0118720710995565,0.0,-0.0028099129072286354,0.0,0.0005243118411004007
24,0.0,0.0,0.0,0.0,0.0,0.0004679236892912095,0.020345415018486062,0.0007768826827986625,0.0,0.0
970,0.0,0.00047934621602162275,0.0,0.0,0.020327180720705832,0.0006548922664105657,-0.007149099877978857,0.0007139095258270404,0.003055435747383455,0.0
701,0.0,-0.0013654078280173204,0.01556188348810893,0.0,0.0,0.003895285995207249,-0.006105207147082306,0.0036524056554815237,0.0,0.0
1044,0.0,0.0017479581748626283,0.0,0.0,0.0,0.000719368462274772,-0.004915940554235738,-0.0017937912890415852,0.0,0.0
739,0.0,0.0021109530095181277,0.0,0.0,0.013976586515129964,0.001421066649149559,0.015315913660153056,-0.019496466723647594,0.0,0.0
536,0.0,0.0,0.0,0.0,0.02261237082224957,0.001220425388770402,-0.006063229664836929,-0.004638368065192869,0.0,0.0
44,0.0,0.0,0.0,0.0,0.01944070126034178,0.0013122339493406273,-0.007710568085932712,-0.007329089372905078,0.0,0.0
49,0.0,-0.0015992898185995888,0.008102881623391352,0.0,0.0,0.0008399683734669015,0.0,-0.002057468561533461,0.0,0.003759129079933092
1088,0.0,0.0011520085765531216,0.005110524810970079,0.0,0.0,0.0002065065290586844,-0.0005210798650992785,0.004847959092304811,0.0006241777353490652,-0.0031071575207413894
391,0.0,0.0,0.012417653925510246,0.0,0.016784146814848258,0.001966946608403849,0.0,-0.002411754060419562,-0.0023660619857447133,-0.004494919238483266
590,0.0,0.0,0.0,0.0,0.0,0.002183815407121927,-0.005414903557365043,-0.0016213609186241612,0.0,0.0
392,0.0,0.0,0.00997630625327331,0.0,0.0,0.004580172485703231,0.0,-0.0022368453240484026,0.0,-0.0017315807401085907
811,0.0,0.0005969755990838013,0.0,0.0,0.0,0.0017303230475673678,-0.004813329144944714,-0.0036740830030132397,0.0,0.0
909,0.0,0.00119572469129672,0.0,0.0,0.018281344865545297,0.004322723213124506,-0.0037639132278202495,-0.012798139263568311,0.0,0.0
253,0.0,-0.001328975559914819,0.0,0.0,0.0,0.00497149501984691,0.038696599303822174,-0.00800136733036943,0.0,-0.007537526017844267
472,0.0,0.0,0.0,0.0,0.0,-0.0003882980603553132,0.03372472520097493,-0.0006807492525055834,0.0,0.0
1014,0.0,0.0,0.0,0.0,0.0,0.008163713139293658,0.02963013132671266,-0.0058196501443141535,0.0,-0.008932262262722807
558,0.0,-0.003545381314366942,0.0,0.0,0.0,0.001767157528886315,0.0,-0.005384504227560363,-0.0014728116897639288,0.005065410631784463
669,0.0,0.0,0.0,0.0,0.0,0.045521153388433676,-0.007461379433971201,-0.0069671013573050855,0.0,0.006980220359283598
826,0.0,0.0008695158259383426,0.0,0.0,0.015387934344782403,0.001156727817933395,-0.004147736847543788,-0.013604607256058242,0.0,0.0
754,0.0,0.0019264077578018334,0.0,0.0,0.0,0.0002992416171843839,-0.005217591587055156,-0.003819982885617829,0.0,0.0
640,0.0,0.0,0.0,0.0,0.0,0.0128318885318319,-0.007006312482255658,-0.0016007949449160213,0.0,0.0060205408068024005
858,0.0,0.0,0.007144555616855427,0.0,0.017069784480071525,0.008466297095070147,-0.004977058816848534,-0.006622577366222329,0.0,-0.0011984445099489371
140,0.0,0.0020775692345769213,0.013057433940251623,0.0,0.0,0.0,-0.0033619636977937355,0.0,0.0,0.00040112630596098736
561,0.0,0.003943928476515293,0.012166368796276196,0.0,0.02183814942193991,0.0056345699486755815,-0.0024613135248145457,-0.007180452351192877,0.0,0.00456314951267475
187,0.0,0.0,0.01221191455950147,0.0,0.018389375168391713,0.001931434877451968,0.0,-0.008678699203309216,0.0,-0.002588642432786794
698,0.0,0.0,0.0,0.0,0.013226294878390004,0.0002575161050640566,0.0003263332963125569,-0.01071749065005302,0.0,0.0
1054,0.0,-0.0005120377017798217,0.0,0.0,0.0,0.03919015664467291,-0.0077162246488980835,-0.003952043261191937,0.0,0.0
528,0.0,0.0003987648163691288,0.0,0.0,0.0,0.0074002006993389045,-0.005722484869861538,-0.005443645898779169,0.0,0.0
583,0.0,0.002693637288645902,0.0,0.0,0.022901580198388484,0.00047823522849491443,0.0020818095226352393,-0.002886409238501991,0.0,0.0
920,0.0,0.0,0.0,0.0,0.0,0.003286675496448022,0.0015615066222486402,-0.0003668381576456981,0.0,0.0056263933085964595
77,0.0,0.0,0.0,0.0,0.015335228852478525,0.0005067896137946252,0.0006122658476009736,-0.014036604353988076,0.001247046443713919,0.0
731,0.0,0.01489313413506628,0.0,0.0,0.0,0.0,0.0,-0.002397817220925146,-0.0021658823649624674,0.0
803,0.0,0.0,0.0,0.0,0.01818332474962041,0.0008118360412834938,-0.004724380521930969,0.002718269624435541,0.0,0.004758952475002464
650,0.0,0.015742425851060806,0.0,0.0,0.0,0.00214448667719973,-0.002965936956478987,0.0,0.0,-0.00041070104695034755
943,0.0,0.01459521593327542,0.0,0.0,0.0,0.014276551802003315,-0.005859026448658164,-0.0036785644382168123,-0.0007882039322660434,0.00794117164359415
702,0.0,0.0,0.0,0.0,0.01686272056369935,0.003209902707311305,-0.00418463814213524,-0.011990298380969391,0.0,-0.0024981548398600203
136,0.0,0.019202626522388095,0.0,0.0,0.0,0.001248222557795373,-0.0006550672929646027,0.0025874350656462106,0.0,0.0
60,0.0,0.016365786980079663,0.0,0.0,0.0,0.0021382843962303596,-0.0006033404979546124,-0.0024364473567409194,0.0,0.0
407,0.0,-0.0010528983706612452,0.005870909199268072,0.0,0.0,0.0014388745052519411,-0.004848275875929286,-0.0006589945192926831,0.0,0.006718149247908284
700,0.0,-0.0018360432444998725,0.0,0.0,0.014093828278746348,0.002408738712289597,0.0,-0.011675001139023752,0.0,0.0
1130,0.0,0.0016498180030217531,0.0,0.0,0.023068126187760767,0.004258703284626085,-0.0003085030157207354,-0.0038331126539526126,0.0,-0.005324622541094344
364,0.0,-0.001890341277838885,0.0,0.0,0.0,0.010748031711941919,0.0,-0.006054145163196815,0.0,0.0
129,0.0,0.0020751888818083416,0.0,0.0,0.0,0.0,-0.0027913749572272334,-0.003156355977026149,0.0,-0.0007443126989868606
1108,0.0,0.0,0.0,0.0,0.017462712561382078,0.0,-0.008608955045445104,-0.006907852597814467,0.0,0.0
598,0.0,0.00041762129661170044,0.006682210493645665,0.0,0.0,0.003401633519072639,0.015686500066341796,-0.0026246096388157407,0.0,0.0019106125022504304
1034,0.0,0.0010928394752025522,0.0,0.0,0.023868960438443734,0.0015875215102656853,-0.0003828794766135325,-0.005589810300250041,0.0,0.0
721,0.0,-0.0014768515713386964,0.0,0.0,0.0,0.002514579976078825,0.035226439169680615,-0.007980179132248784,0.0,-0.006223863719843407
1000,0.0,0.0,0.0,0.0,0.0,0.005511117784571867,-0.005992894451551711,-0.004125736030260567,0.0,0.0
527,0.0,-0.0003022200043138166,0.0,0.0,0.016519975068169164,0.002337095659041326,-0.00020859780407173545,-0.012817241287879925,-0.0004278431229412949,-0.002634649710666389
52,0.0,0.0,0.0,0.0,0.013566049294759448,0.005324828244120777,-0.004777148017741832,-0.012863746613486266,0.0,0.0
867,0.0,0.0013500064904851958,0.015170573561017808,0.0,0.016761617765647035,0.0003202805292819473,-0.005753064401683314,-0.007461416646481626,0.0,0.0
797,0.0,0.0,0.0,0.0,0.0,0.002156380246856958,-0.005759078916563542,-0.0008236614042378505,0.0,0.0
588,0.0,-0.0005952947696934173,0.0,0.0,0.0,0.0014491345524848098,0.00037755078442500666,-0.006465941480354832,0.0,0.0
303,0.0,0.0,0.009750751242223063,0.0,0.0,0.0034296573854841225,0.0,-0.004088970064534025,0.0,0.0
323,0.0,0.010568969356884741,0.0,0.0,0.0,0.0009815648765925838,0.01634544317484695,-0.0015847261057244134,0.0,0.0
533,0.0,0.0,0.0,0.0,0.0,0.002508847662675884,-0.00546034947515343,-0.0014902610684607363,-0.0008709475583491711,0.0
796,0.0,0.0028002015025755385,0.004840285225100811,0.0,0.025150308949056732,0.007919253146033003,-0.004133577543731397,-0.0031634470144115425,-0.0019660519618512964,0.0017903673035468213
499,0.0,-0.0010390033588319834,0.0,0.0,0.0,0.0,-0.003580589023087425,-0.002787248440007732,0.0,0.0
497,0.0,0.0006349004772369644,0.013068644227819403,0.0,0.0,0.00028414138665691646,-0.002733148891441105,0.002978070230201786,-0.004139854135335296,-0.0005365706938382737
998,0.0,0.0018587000242583592,0.0,0.0,0.015517910673602257,0.0013712655568507192,-0.0021396620574888362,-0.012870482697015032,0.0,0.0
865,0.0,-0.0007326221357280318,0.0,0.0,0.017275377684747666,0.0019759780206373826,-0.00234418747270173,-0.013087348810791216,0.00038707686603444216,0.0
1012,0.0,-0.0026303293988214,0.0,0.0,0.018951591985046593,0.003425635072879762,-0.005052290106785463,-0.004741728940984717,-0.0014573587883725744,0.002037501549196873
905,0.0,0.0,0.0,0.0,0.008337593986402365,0.01035038921479964,-0.00506011535421357,-0.0071207787022874594,0.0,0.002840412558874404
293,0.0,0.013427956156378512,0.0,0.0,0.0,0.0006565525584953211,-0.004491351394588156,-0.0003962484638557959,0.0,0.0
892,0.0,-0.0016515561778700956,0.0,0.0,0.0,0.0,-0.004214188772806278,-0.0019042732173314143,0.0,0.0
115,0.0,0.0,0.0,0.0,0.0,0.0,-0.0036845181331546673,-0.005056856049415241,0.0,0.0
498,0.0,-0.0009814354768406773,0.0,0.0,0.0,0.010838021561780549,-0.0045621082324565415,-0.00624141515007256,0.0,0.0
607,0.0,-0.0008095288049388759,0.0,0.0,0.0,-0.0003307749269841863,-0.005464122414676636,0.006742444402540876,0.0,0.005475359109773873
35,0.0,0.0009877967641168392,0.0,0.0,0.0,0.0018019403879831562,0.0019784338132158214,-0.001727453532203224,-0.0016885007056151255,-0.0006636914502598117
72,0.0,-0.002074152478938826,0.0,0.0,0.0,0.0074175345221931845,-0.004957907151915353,-0.0009262616374039697,-0.0022104555049487465,0.0
832,0.0,0.0,0.0,0.0,0.019705316950603048,0.007788661749195684,-0.005753703702014573,0.004238560464691346,0.0029045729861671577,-0.001411943726992184
914,0.0,0.0,0.0,0.0,0.021352378621897337,0.00031110407276237044,-0.0010214459080635542,0.00024563295947266015,0.0,0.0
705,0.0,0.0,0.012228831928935925,0.0,0.0,0.004954017627915532,-0.0038670028603358256,0.005893365723321377,-0.004166040176646626,0.0001596010537444105
461,0.0,0.0,0.007669978829900517,0.0,0.0,0.014114735361510627,-0.007659605873807517,-0.0028352476157752315,-0.0014169172124185656,0.0
258,0.0,0.0,0.0,0.0,0.0,0.016012592424337554,-0.005979353397203754,-0.004533408796950793,0.0,0.003098815604651627
711,0.0,0.0,0.0,0.0,0.0,-0.00023547203350462924,-0.00017755681818183017,-0.004859718221364588,0.0,0.0
529,0.0,0.0013511566192244192,0.0,0.0,0.02189445115254906,0.0018738617074119043,-0.004325885122314013,-0.005587219944438607,0.0,0.0
209,0.0,0.00023885736680184701,0.0,0.0,0.015509017668376802,0.0022161761928022458,-0.004560514626583627,-0.012191050341744962,0.0,0.0
1129,0.0,0.0,0.0,0.0,0.0,0.0,0.03009021399173699,-0.010159250443990353,0.0,0.0
383,0.0,0.001192799218385244,0.0,0.0,0.0,0.0008482249050698579,-0.004919253760987157,0.005033609909438818,0.0,0.0
93,0.0,0.0006349788130917398,0.0,0.0,0.0,0.0006059395955604874,-0.006033191432245052,0.0019477271291394756,0.0,0.0
353,0.0,0.0,0.0,0.0,0.0,0.004883972606197375,-0.0036932888888034166,0.0012340164465267148,0.0,0.001213398745271159
563,0.0,0.0,0.012554702117554608,0.0,0.0,0.0027485695485465426,0.0,-0.0020014130103499315,0.0,-0.0019647756847526996
83,0.0,0.019814776358124675,0.0,0.0,0.0,0.0,-0.004544252215323005,-0.0025444010146348783,0.0,0.0
853,0.0,0.0,0.0,0.0,0.0,0.0016969684941559467,-0.005804985254250548,0.0024024775636706627,0.0,0.0
207,0.0,0.0,0.007951076623072371,0.0,0.0,0.0024275166508121496,-0.0003110802495882529,-0.004640174699077679,0.0,0.0
100,0.0,0.0,0.011803832386344436,0.0,0.0,0.00280934953897498,-0.003346885954977033,0.0017569738048318212,-0.004038713104864553,-0.0019667316866735147
0,0.0,0.002712798749713934,0.0,0.0,0.024892263151836923,0.002124938786931249,-0.006193126562126515,-0.0031838981791785714,0.0,0.0
110,0.0,0.0,0.0,0.0,0.0,0.003403861140703705,-0.004750905407829128,-0.004982143935120849,0.0,0.0
772,0.0,-0.001599325096925401,0.0,0.0,0.0,0.006754715746268748,0.0022726346015689573,-0.006999711989844446,-0.0016286913665678234,0.0
108,0.0,0.0,0.0,0.0,0.013610848272397731,0.0012939592221281732,-0.003114067889513879,-0.009926272863494519,0.0,-0.0014889857135349488
104,0.0,-0.0008224848262219412,0.0,0.0,0.016574636810112293,0.0047561209194452985,-0.0035653915685836157,-0.01451802293709192,0.0,0.0
635,0.0,0.0010168195506338718,0.0,0.0,0.0,0.0,0.0,-0.00211382467350093,0.0,0.0
488,0.0,0.0,0.0,0.0,0.0,0.005835744172428416,-0.005997735418264692,0.001177430059428758,0.0,0.0
1112,0.0,0.0,0.0,0.0,0.02154071894044885,0.0,-0.006023616076482103,0.0009969888630838395,0.0,0.0
654,0.0,0.0,0.0,0.0,0.0,0.030350789961888863,-0.008545568395757803,-0.0033046261227024296,0.0,0.0
963,0.0,0.0,0.0,0.0,0.014824809672948967,0.00030750106598606336,-0.0029934238127437957,-0.011030233749755375,0.0,0.0
697,0.0,0.0012670200245090116,0.00541610436720184,0.0,0.0,0.000979373440936459,-0.00441584848050966,-0.002452212959847041,0.0,-0.0014876945680567775
580,0.0,0.0,0.0,0.0,0.014252703211775172,0.002304668711264706,-0.00397476272336607,-0.01209381419735379,0.0,0.0
451,0.0,0.001756732477309259,0.0,0.0,0.017794273816579696,0.007762524328537065,-0.0017182174600096356,-0.007760341962664958,0.0,0.006981269614062326
864,0.0,0.001762679941026071,0.010925920438936556,0.0,0.0,0.0013559726080955494,-0.00026207291421974886,-0.0033983164998430525,0.0,-0.0022752260519008057
426,0.0,0.0,0.0,0.0,0.01750422668977379,0.0007597844568514658,-0.005521029565983636,-0.007713090667094913,0.0,-0.002989205859751906
764,0.0,0.0,0.0,0.0,0.01387784087457017,0.004265793379723427,0.0,-0.009134749236532607,-0.0003010128389042549,0.003946751226732323
916,0.0,0.0032086519076896572,0.0,0.0,0.023412978306489734,0.005150903535031459,-0.00042008387317999177,-0.0025645787116304357,0.0,0.00026152162072198815
284,0.0,-0.0007419735524404979,0.0,0.0,0.0,0.0,0.0,-0.0009501363264399745,0.0,-0.0005201295451012517
952,0.0,-0.0015809033578012591,0.0,0.0,0.0,0.003039897937008559,-0.003633508658572783,-0.0028967179296954955,0.0,0.0
494,0.0,0.0,0.0,0.016257454016397783,0.0,-0.0008413236223993176,0.03630347420198162,-0.010337187843897797,0.0,-0.008312732246487462
1082,0.0,0.0,0.0,0.0,0.0,0.0,-0.005516101651151894,-0.0019176440828613823,0.002099235095763299,0.0
1135,0.0,0.0,0.006169490420138405,0.0,0.021846305879737852,0.004414125545065255,-0.005657463403086267,-0.006547255108760371,0.0,-0.004446778802905575
869,0.0,0.0,0.0,0.0,0.0,0.0012843621857822388,0.0,0.0007825344353397678,0.0,0.0
169,0.0,0.0,0.0,0.0,0.01274463873979693,0.005780902598333901,-0.006208260350591447,-0.01129098104601597,0.0,0.0
268,0.0,0.0,0.0,0.0,0.014360282620265384,0.0006401595078999157,-0.0038311539074368027,-0.013214728621514703,0.0,0.0
217,0.0,0.0,0.0,0.0,0.0,-0.002629275284715675,0.04025423981498274,-0.010070020133405076,0.0,0.003660959924480194
468,0.0,0.013698791395135572,0.0,0.0,0.0,0.0,0.013953320943803865,-0.0008960080591884391,0.0,-0.006028047222211318
870,0.0,0.0,0.010944299801932695,0.0,0.0,0.01478654892681772,-0.006919695822867433,-0.0024711161797530334,-0.0037788667768203573,0.0019330306289697431
795,0.0,-0.0014216004512110682,0.0,0.0,0.013611196239428866,0.001262962308733407,-0.0032458631079771874,-0.009799577869426972,0.0,0.002424723979958984
879,0.0,0.0,0.0,0.0,0.020239621666437214,0.0020728380914761067,-0.0058651709630592255,-0.007395504187493131,0.0,0.0
819,0.0,-0.0005365115202825409,0.0,0.0,0.0,0.00473901523354266,-0.004799618592952834,-0.0023459239714786386,0.0,0.002413498054636607
953,0.0,0.0,0.0,0.0,0.0,0.0023382661396145203,0.0,-0.0013406360644408794,0.0,0.0
649,0.0,0.0,0.0,0.0,0.0,0.04100650873652398,-0.008075115007195236,-0.0011892082428554065,-0.00365076026564528,0.0
463,0.0,0.0,0.0,0.0,0.0,0.0,-0.005297270660053452,0.0040173866344780295,0.0,0.0
707,0.0,-0.002599038954696046,0.013118743194443203,0.0,0.0,0.0,-0.004058633524087755,0.0035679473722679714,0.0,0.002697593551131281
647,0.0,0.0,0.0,0.0,0.0,0.030971710704628393,-0.008527784982110596,-0.0042079216658213936,0.001210632975904631,0.0
363,0.0,0.0005512346408829737,0.0,0.0,0.015551216315303864,0.0027621254037110132,-0.0041038665934264645,-0.011202157829723891,0.0,0.0
1148,0.0,0.0,0.0,0.0,0.02129909589977242,0.0027534968688433235,-0.004359447477150313,-0.0044973991879251685,-0.0006562341808393785,-0.0031957653132364595
509,0.0,-0.0048530423463128735,0.0,0.0,0.0,0.01793115732374092,-0.00033243363355507996,0.0007329721975340347,0.0,0.002196360854167502
149,0.0,0.0,0.0,0.0,0.0,0.0006342750269652185,0.0,-0.0006001539990815285,0.0,0.0
1132,0.0,0.0,0.012579540674601113,0.0,0.015405255912913158,0.0,-0.006874591285652178,-0.00935515811126523,0.0,0.0
809,0.0,-0.0013409626497000893,0.0,0.0,0.0,0.030534133312171786,0.0010349078391702765,-0.006204413552752264,0.0,0.0
430,0.0,-0.0007669344813636351,0.0,0.0,0.015689292764856477,0.0023359823373663388,0.0,-0.012711323217374833,0.0,0.0
131,0.0,0.017956692541303568,0.0,0.0,0.0,0.016369080817206668,-0.004368561315143569,-0.0021860223120651265,0.0,-0.004809461766787248
50,0.0,0.0,0.0,0.0,0.02107237942193627,0.004160235997956007,0.0,-0.004493272984710258,0.0,-0.0011317912312461369
322,0.0,0.0010897388050076125,0.0,0.0,0.0,0.0054287174956564556,-0.0029753597362578562,-0.005297756881279571,0.0,-0.0012379677498155267
682,0.0,0.0,0.0,0.0,0.017127303109202515,0.00826696073345279,-0.005435788089539418,-0.005190736429639805,0.0,0.001214442988511675
245,0.0,0.015261480679783564,0.0,0.0,0.0,0.0049560015711037995,-0.0034926006794024017,-0.0030919089385218266,-0.0034040434699849726,-0.0036432944871003558
185,0.0,0.0,0.0,0.0,0.0,0.0005198851879200349,-0.005283736501916221,-0.0011907809859573826,0.0,0.0
613,0.0,0.0,0.0,0.0,0.0,0.009231907122103455,-0.005271189160529861,-0.0012797285233401216,-0.0020420717642616747,0.0
220,0.0,-0.000678752400243099,0.0,0.0,0.012708088139605904,0.0022251325408795147,-0.004847960081417664,-0.010840038159387309,0.0,0.0
600,0.0,0.0004672405381890474,0.0,0.0,0.0,0.0007904344323389026,0.0,-0.0033707258879960515,0.0,0.0
511,0.0,0.0,0.011358466886621144,0.0,0.017167475885838935,0.0,-0.003765019890895227,-0.00831280928849077,0.0,0.0
1009,0.0,0.012503587212785718,0.0,0.0,0.0,0.0,0.0150656193003887,-0.0011805301368639082,-0.004375656071991821,0.0
462,0.0,-0.0009508232202536044,0.0,0.0,0.0,0.0029320813910135636,-0.004117667014144513,0.0035216172387835154,0.0,0.004816730813325122
480,0.0,0.0022842923804081558,0.005926411894695298,0.0,0.020613236210650105,0.0008049505621151413,-0.005275636163531764,-0.0022676611137094588,0.0010797223819405406,-0.0017083298715775764
249,0.0,0.0014561437684124752,0.0,0.0,0.0,0.0,-0.00386324622209274,0.0,0.0,0.0
61,0.0,0.0,0.0,0.0,0.008953657596499931,0.01474014145708374,-0.007060108084272919,-0.005609767696292001,0.0,0.0
550,0.0,0.0,0.0,0.0,0.01783401100072432,0.0009870697186454298,-0.007841975026962671,-0.0033878900077600788,0.0,0.0
210,0.0,-0.002457239629868616,0.0,0.0,0.0,0.00033259934203767275,-0.004257481581284866,-0.0021420097037205712,0.0,0.0039939468161205765
895,0.0,0.0,0.0,0.0,0.015765234447896393,0.0003657334039945774,0.01796262530339451,-0.0176244342943257,0.0,0.0
1097,0.0,0.0,0.0,0.0,0.0,0.007262071981992345,-0.004983719961002563,0.0006714890948182391,0.0,0.0
103,0.0,0.0030359590557813084,0.0,0.0,0.018755919257732446,0.0,-0.004619791288109481,-0.006889553902494525,0.0,-0.0015546959569167663
198,0.0,0.0008245855498260762,0.0,0.0,0.01990662984467324,0.010074206141389116,-0.006206437821750344,-0.004664877750011756,0.001776027552531597,-0.0037112415133301927
908,0.0,0.0,0.010925593468057507,0.0,0.0,0.0052950911186565326,0.0,-0.001473394803738641,0.0,-0.0018213390416103599
229,0.0,0.0,0.0,0.0,0.0,0.002221287864660565,-0.004941545126016658,0.0,0.0,0.0
11,0.0,0.0,0.0077285835378123205,0.0,0.0,0.004103075511082577,0.03511620069405768,-0.006537335029672747,-0.006081633896049159,-0.0087747248219015
1133,0.0,0.0,0.0,0.0,0.0,0.0,0.010322816887822177,-0.007098753261744856,-0.001857976092663553,-0.0041253810144303744
301,0.0,0.0,0.0,0.0,0.012083306735194097,0.0024271423937416853,-0.005786406557033696,-0.00891031821135689,0.0,0.0
537,0.0,0.0008966810182783665,0.0,0.0,0.016325862094471864,0.0027689244833499506,-0.0036921899258551684,-0.01137329870182658,0.0,0.0
860,0.0,0.0,0.0,0.0,0.016067941098511312,0.002814402917561193,-0.002713964184230022,-0.012495258766640505,0.0,-0.0024683086408857926
28,0.0,0.0,0.0,0.0,0.020637483898415614,0.0004414054051683318,-0.008481197384661628,-0.006252346835099648,0.0,0.0
740,0.0,0.0,0.0,0.0,0.0,0.0012295559038624504,-0.004487460589911893,-0.004692904541668284,0.0,0.0
420,0.0,-0.0007450315390920247,0.0,0.0,0.0,0.01596615898496145,-0.004652537891943585,-0.005516542022577562,0.0,0.0
1109,0.0,0.0,0.0,0.0,0.012651325374743002,0.001230356041415132,-0.005125902184682159,-0.0065505438751086295,0.0,0.0042677323567614535
610,0.0,0.001620504562498928,0.0,0.0,0.026026695854847796,0.002416848258200218,-0.0042063059577438985,0.001027292267232402,0.0,0.0
40,0.0,0.0,0.0,0.0,0.013714349558756908,-0.000970420751580629,0.0,-0.013032144905047095,0.0012606485850062364,0.002084251154563272
570,0.0,0.0,0.0,0.0,0.023876549999040955,0.004258430054162308,-0.004025305648231966,-0.003914935743942738,0.0,0.0007348953868479453
1005,0.00040952819747561674,-0.0009810721705377325,0.0,0.0,0.0,0.013896179870637676,-0.005893000005712014,-0.0024666647656754422,0.0,0.004603493425434711
493,0.0,0.0,0.0,0.0,0.017159056855792647,0.00030992160175237135,0.019589595894650806,-0.01603049608733838,0.0,0.0
577,0.0,-0.0008559412009907751,0.0,0.0,0.010130911514505316,0.016025950297984558,-0.005655200712418744,-0.007982958834964821,0.0,0.0
66,0.0,0.0,0.0,0.0,0.01504764052092738,0.0,-0.0038326669426884587,-0.014189289221457487,0.0,0.0
821,0.0,0.012309639358769641,0.0,0.0,0.0,0.0013647940198060256,-0.003693295492222927,0.0014980004839306572,0.0,-0.0023683280213538348
1125,0.0,0.0,0.0,0.0,0.01922723634953671,0.0019854883786681217,-0.0073977726657224055,-0.0034906726169776454,0.0,0.0
595,0.0,0.0,0.0,0.0,0.0,0.0008399346746571744,-0.004924838724200335,-0.004219656094135318,0.0,0.0
433,0.0,-0.0010627983199185086,0.0,0.0,0.0103921144396287,0.014617527655599535,-0.005911295492148957,-0.008283886210956496,0.0,0.0
788,0.0,0.0020274843984678377,0.0,0.0,0.0,0.0005400930251484685,-0.004666319129771961,-0.00197910196777733,0.0,0.0
800,0.0,-0.0022809363934831565,0.0,0.0,0.016374722504044568,0.0035344863592588066,-0.00018190151348947614,-0.014569617483593417,-0.0002996395461855392,0.0
112,0.0,0.012240144291168086,0.0,0.0,0.0,0.0012705818833669425,-0.004809303599753658,0.0009218847370155072,0.0,0.0
483,0.0,-0.0011360062397828851,0.0,0.0,0.017989354900316452,0.003639151846049482,0.0,-0.015004430809628181,0.00046146042591091625,0.0
113,0.0,0.0,0.0,0.0,0.0,0.0008906373602290284,0.0014239972332591281,-0.0029211382536626805,0.0,0.0
646,0.0,0.0012372865350235708,0.0,0.0,0.022652816580918042,0.0022167916657149975,-0.004836065254820832,0.0008767264042327631,0.0,0.0
196,0.0,0.0,0.0,0.0,0.017469364567253957,0.0027008254866741793,-0.008149939388891251,-0.0005481893285075382,0.0042269013526738276,0.005783829868575939
620,0.0,0.001825732111868342,0.0,0.0,0.0,0.0038319105158539208,-0.004390609988760275,0.0002643392764476271,0.0,-0.0023981337468288923
661,0.0,0.0,0.0,0.0,0.0,0.0025405786898910834,0.03153300645737902,-0.0033662553447255505,0.0,-0.008396023962598146
227,0.0,0.0,0.006067663076632457,0.0,0.0,0.0010213304191472065,-0.007419474994727415,-0.001491582621577053,0.0,0.0
1081,0.0,0.0,0.0,0.0,0.02614061834522955,0.0047051465262524916,-0.003207320679888083,0.002509393233823096,0.0,0.001735866315152261
126,0.0,0.0,0.0,0.0,0.018271858281374717,0.0,-0.007821296717573353,0.008169508501514973,0.004042269789811951,0.005152677891951975
400,0.0,-0.0027411432768971356,0.0,0.0,0.0,0.0011040910790366815,-0.003735385778392642,-0.0022602539084588744,0.0,0.0039125320933152945
517,0.0,0.0,0.009537236328809371,0.0,0.0,-0.0005355245810489912,-0.0002853252401145683,-0.0011833820431336043,0.0,0.004324947235489883
326,0.0,0.0,0.012289623175425419,0.0,0.0,0.0044442391968494924,-0.003462129740584615,-0.001506133593134968,0.0,0.0
1087,0.0,0.0016215157287384763,0.0,0.0,0.022621553238771967,0.000996360631405388,-0.007111301716264907,-0.004003763757193299,0.0,0.0
548,0.0,0.0,0.0035461740928728405,0.0,0.0,0.034583231103326686,-0.00580324996067879,-0.00594248202801809,0.0,0.005312716781087982
900,0.0,0.0,0.0,0.0,0.010585313123789708,0.013479313546331043,-0.005597293960743726,-0.010949190362233014,0.0,0.0
938,0.0,0.0009855006776813488,0.0,0.0,0.019334657948694642,0.00516779058411989,0.0017312870565492416,-0.00462529191954569,0.0,-0.004890002340618701
448,0.0,0.01911453987165055,0.0,0.0,0.0,0.000401582450824586,-0.0002929259516035697,-0.0020749534298441855,0.0,0.0
1099,0.0,0.0,0.006111169789115783,0.0,0.021241680080609497,0.0022685935297157983,-0.00659029085010182,-0.004739731999503529,0.0,0.0
972,0.0,0.0008593925928381584,0.0,0.0,0.0,0.0022125664269220346,-0.004333605436411074,0.0,0.0015173804261671775,-0.002046833558854709
717,0.0,0.0,0.0,0.0,0.0,0.004819768670239083,-0.0038308492726973303,-0.002428772671146977,0.0,0.001566917212653244
241,0.0,0.0,0.0,0.0,0.02127352637664614,0.0006129677852995613,-0.003124332586540637,-0.0045570678059738984,0.0,-0.00039784125539599896
368,0.0,-0.0022988228502060838,0.0,0.0,0.0,-0.0008962338696036909,0.039834997460082,-0.00848100350564975,0.0,0.0
934,0.0,0.0,0.0,0.0,0.0,0.0017034684190258122,0.0,0.0007042504489873285,0.0,-0.0034959485199321035
85,0.0,0.0,0.0,0.0,0.0,0.0016336895186131982,-0.004100385299565782,0.005497207215602361,0.0,0.0
401,0.0,0.0014809113587422686,0.0,0.0,0.0,0.0013409662729790255,-0.005338494304593467,-0.0030286796628500303,0.0,0.0
183,0.0,-0.0020351769914253946,0.01308743331580188,0.0,0.0,0.002159504038750905,-0.005197290671558616,0.002768940305891913,0.0,0.002110213910785322
410,0.0,0.0,0.0,0.0,0.009925245584417267,0.012747442156079172,-0.0056713433148276905,-0.0063456020109374746,0.0,0.0
950,0.0,-0.0007417553454159356,0.0,0.0,0.0,0.0,0.03320394630550637,-0.0035878940637240984,0.0,0.0047819138722931115
37,0.0,0.0,0.0,0.0,0.0,0.0016012145161842638,-0.006202004254521886,-0.0011261743592427774,0.0,0.0
39,0.0,0.001617597119335698,0.0,0.0,0.025595249728606956,0.0017782583950074048,-0.0003809408627388315,-0.001415158041535979,0.0,0.0
314,0.0,0.0,0.0,0.0,0.0,0.04441460073775129,-0.008446247980327372,-0.003961725100906491,0.0,0.0
48,0.0,0.0,0.0,0.0,0.0,-0.0013930038434494243,0.0,-0.0058137443058793314,0.0,0.00488486794024708
676,0.0,0.0,0.0,0.0,0.012734534919613455,0.01790585791899192,-0.003429210175456443,-0.00980433592579037,0.0,0.0024429745610112536
983,0.0,0.0,0.0,0.0,0.0,0.00024202646324608472,0.001833179667021978,-0.0013744822154917729,0.0,0.0
940,0.0,0.0,0.0,0.0,0.0,0.0034996737886484317,0.0,0.002483963465583433,0.0,0.0
774,0.0,0.0,0.0,0.0,0.0,0.0017987396119167878,0.0,-0.0015716426536787522,0.0,-0.003294079846570647
310,0.0,0.0,0.0,0.0,0.0,0.0028000629882659355,-0.0038330595933962755,0.0009056480730984021,0.0,-0.0020895943711980486
399,0.0,0.0,0.0,0.0,0.0,0.0031027568349238917,-0.00516784543293208,-0.0017819656540534376,0.0,0.0
232,0.0,-0.0011279311023738043,0.0,0.0,0.0,0.0,-0.004033231891672485,0.0011790128907609842,0.0,0.005208540058142743
1114,0.0,-0.0008051140368994822,0.006661769221056774,0.0,0.0,0.0,-0.00563919027186571,-0.0031713037088845967,0.0,0.0056160856740217115
978,0.0,0.0,0.0,0.0,0.0,0.002230151210220308,-0.00021295484602051624,-0.0015393062794278297,0.0,0.0
937,0.0,0.0,0.0,0.0,0.014854340202708366,0.004761901020526992,-0.00575545572243814,-0.013520027457560252,0.0,0.0
902,0.0,0.0,0.0,0.0,0.0,0.017561635692552202,0.0,-0.0005529097589975634,0.0,0.0
405,0.0,0.0,0.0,0.0,0.0,0.00536328712156822,0.03818097964024526,-0.0051710984548548125,0.0,-0.0106509503425271
1072,0.0,0.0,0.0,0.0,0.02172225407575307,0.002432010869725252,-0.004806336481712514,-0.004628819340618785,0.0,0.0
513,0.0,0.0,0.007117280828906602,0.0,0.020298377555170246,0.0010206120710584132,-0.007740227546124353,-0.004536722337932984,0.0,0.0
1020,0.0,0.0,0.0,0.0,0.0,0.00066811377639058,-0.0034671652532723466,-0.006525416196063716,0.0,0.0
990,0.0,0.0,0.0,0.0,0.02153597081695462,0.0039033362517206485,-0.004090574017304556,-0.0002563430087956925,0.003745219828264304,-0.0024410029938708075
458,0.0,0.0,0.0,0.0,0.0,0.00324937323030213,-0.005217725795334144,-0.0008714350907404775,0.0,0.0
689,0.0,0.0002194430933690067,0.0,0.0,0.013053807774473108,0.009227690797486242,-0.005411276525496667,-0.013697847596282958,0.0,0.0
756,0.0,0.0036457188619494385,0.0,0.0,0.023185929150207747,0.0027106644842523463,-0.007190690275462095,-0.0038619795316178554,0.0,0.0
556,0.0,-0.002194370533116845,0.0,0.0,0.0,0.01937468751281568,-0.005373414893277183,-0.001386217385219591,0.0,0.0
999,0.0,0.0,0.0,0.0,0.0,0.00043083259233123693,-0.004800058394312733,-0.004361536550102178,0.0,0.0
75,0.0,0.0,0.0,0.017516598778959426,0.0,0.006011864024739733,0.03263233710515088,-0.012009854953476647,-0.0034480385452872117,-0.011268873618383425
1069,0.0,0.0,0.0,0.0,0.02028075757242886,0.0008993054214087547,-0.006059878553233142,-0.0061110355352984235,0.0,0.0
966,0.0,0.0,0.010075432067286914,0.0,0.0,0.0,-0.003938419944881409,-0.002704676307984586,0.0,-0.001908297977429039
130,0.0,0.003199517708872677,0.007764559171446861,0.0,0.02089419413678489,0.00023243441431807302,0.00036580184658463287,-0.00636133345683746,0.0,-0.004607886265670707
164,0.0,0.0,0.004854937388939137,0.0,0.020959697395536915,0.0,-0.009481335890303755,0.001827614882576968,0.003268004425375356,0.0
396,0.0,0.021041636080228535,0.0,0.0,0.0,-0.0008738617637664564,-0.0042420684153740415,-0.0032550923329946746,0.0,0.006529626636076958
161,0.0,0.01350205339162791,0.0,0.0,0.0,0.003303830409470673,-0.006077245310402575,0.0007449569390395126,0.0,0.0
919,0.0,-0.003995252875993905,0.0,0.025568996991546453,0.0,0.0019023049407882863,-0.003823980224140763,-0.007458657113393518,0.0,0.0
1035,0.0,0.0,0.0,0.0,0.0,0.0,-0.00584131949213828,-0.002093687708913153,0.0016572563619241757,0.0
1010,0.0,0.002900875388283152,0.0,0.0,0.02115961387532318,0.0,-0.0011578365722026036,-0.006019329569457381,0.0,-0.002679815961173886
96,0.0,-0.0005928498421000801,0.0,0.0,0.016587578777977712,0.0016554115037318079,0.01875461586259646,-0.014237231091419306,0.0,0.0009121103265614977
770,0.0,-0.0005827840227731881,0.0,0.0,0.01502135513589526,0.0006058678888520843,-0.004673674393065674,-0.012411651704059477,-0.00034946562678169195,0.0
844,0.0,0.0,0.0,0.0,0.0,0.0035886620084545143,0.01965672714696444,-0.0054016609365124466,0.0,0.0
1049,0.0,0.0,0.00798501580414385,0.0,0.0,0.017100982845194426,-0.007740806388576462,-0.0015989851202727577,0.0,0.0
735,0.0,0.0,0.0,0.0,0.0,0.0015546231499292303,-0.0046301078726397405,-0.0015409137060659948,0.0,0.0
51,0.0,0.0,0.0,0.0,0.0,0.004023187312321205,0.016775376331911365,-0.008112149447801939,0.0,-0.006839614400057316
233,0.0,0.0,0.0,0.0,0.02235580591153574,0.0018522249021584551,-0.00687326003050585,-0.0020684211298556865,0.0,0.0
86,0.0,0.0,0.0,0.0,0.010950202014927565,0.003285987657059443,-0.005652609846267242,-0.011918774704955296,0.0,0.0021749352448339875
151,0.0,0.0,0.0,0.0,0.0,0.0009476124648845231,-0.00025028409090903456,-0.00311124880778042,0.0,0.0
291,0.0,-0.0034684608974357607,0.0,0.0,0.0,0.03527950592308941,-0.005359250891571064,-0.004458916219167573,0.0,0.0018983313058457303
658,0.0,0.0,0.0,0.0,0.010236785030743028,0.0014092397833371188,-0.005193322944325101,-0.010095532112549883,0.0,0.006009610388843246
68,0.0,0.00031584931261814794,0.0,0.0,0.0,0.0005458030434144655,-0.004463235576809493,0.0002587123650103025,0.002878113507817564,0.0
186,0.0,0.0007626777984997436,0.006995952696158208,0.0,0.0,0.00052299733942881,-0.0048042808080896,-0.003635235111555273,0.0,0.0
194,0.0,0.0,0.010565347947988638,0.0,0.0,0.0017285410152506585,0.023123357561442244,-0.002022944222451116,-0.00564767686459071,-0.007025369846320758
881,0.0,-0.0017318896855796162,0.0,0.0,0.0,0.0032967803661058,-0.004008038336365538,-0.0016073529888245123,0.0,0.0
824,0.0002456038874555401,0.0,0.0,0.0,0.01887034894535558,0.0019132214824876636,-0.007590311675089555,-0.0034151898565672424,0.0,0.0
564,0.0,0.0,0.0,0.0,0.013996867565225392,0.0024447930042276293,-0.005754235722248247,-0.012993817934451809,0.0,0.0
828,0.0,0.0,0.0,0.0,0.0,0.005596405164542523,0.018499533197595,-0.0019183136218920392,0.0,0.005593388664987921
777,0.0,0.0013725590520855778,0.0,0.0,0.017222958895484843,0.0028026194145576873,-0.002410951508385074,-0.009137624901358698,0.0,0.0032610702702791025
294,0.0,0.0016282249112836203,0.009176981685205997,0.0,0.0,0.0025614735159727084,0.0002919661724252046,-0.0021697350103208513,-0.0032293114473344285,-0.0004053798169502869
158,0.0,0.0,0.0,0.0,0.0,0.013881715019750931,0.0016048984250200769,0.0,0.0,0.0
82,0.0,-0.0038624384709225446,0.0,0.0,0.0,0.00026281584928424667,0.03782622010903905,-0.0015101875931961386,-0.0029343950829776987,0.004132709326903607
417,0.0,-0.0016405970353225395,0.0,0.0,0.013321392541589172,0.001813434497312528,-0.0036279058650731445,-0.01264596938708189,-0.00032857471106676763,0.0027150372971899567
234,0.0,0.0018363363164020604,0.0,0.0,0.01772308451203991,0.002594992638964876,0.002143288491359174,-0.013499526603665529,0.0,0.0003604007127391926
1102,0.0,0.0,0.0,0.0,0.013253454500166987,0.013626117808160658,-0.004300552462522084,-0.004147888222191504,0.0,0.004015670217269947
538,0.0,0.0,0.0,0.0,0.0,0.004978303119199787,-0.002869868297635163,-0.00362857036828826,0.0,0.0019264744461556151
264,0.0,0.0008367722860299735,0.0,0.0,0.01703006880168659,0.004573649390800647,-0.0037816813187892895,-0.014687744697246511,0.0,0.0
516,0.0,0.0005523633407848311,0.0,0.0,0.019775789851855515,0.008306201755356693,0.0,-0.009124580377940306,-0.0017164311330969142,0.0034791362316253026
515,0.0,0.0,0.0,0.0,0.022247755179254796,0.0046260678622098384,-0.004392999131042868,-0.0067694942674981435,0.0,0.001093913496799364
42,0.0,0.0,0.0,0.0,0.0,0.00047018169630725325,0.014900409842444591,-0.0027112202454443977,0.0,0.0
967,0.0,0.0013732211337755898,0.0,0.0,0.0,0.012829665604318323,-0.003658756442887826,-0.003559471089099467,0.0,0.0012503752928590363
79,0.0,0.0,0.0,0.0,0.0,0.0010132886476924069,0.0,-0.004909917434622889,0.0,0.0
43,0.0,0.0,0.0,0.0,0.013063876184628167,0.006104434393103048,-0.005369736841611659,-0.011696698970792747,0.0,0.004057435615776244
778,0.0,0.0027754466879565337,0.0,0.0,0.017026977761230355,0.0056288305586929925,-0.001072149589544661,-0.012109002933720883,0.0,0.006057601843916276
203,0.0,0.0,0.0,0.0,0.0,0.00041714178493750496,-0.004524092328732611,-0.00287508641480661,0.0,0.0
1030,0.0,0.00042135927537628867,0.0,0.0,0.0,0.003522522143734747,-0.004472442119318998,-0.0028640042639853573,0.0,0.0
485,0.0,0.0,0.0,0.0,0.0,0.0,-0.004940519002626986,0.0011837087936231363,0.0,0.0
617,0.0,0.0,0.011258382598528398,0.0,0.009755256263308337,0.012548825581601244,-0.007117656306824462,-0.0070590920811672234,0.0,0.0
742,0.0,0.0,0.0,0.0,0.0,0.0019505978517703974,-0.006656517210201467,0.0022636799654920025,0.0,0.0
765,0.0,-0.00404939234986891,0.0,0.0,0.0,0.016485152930850414,0.0,0.0006030443777101796,0.0,0.0
979,0.0,0.0,0.0,0.0,0.017524819705540297,0.0007742095928271976,-0.0055771313012786,-0.007680179478333694,0.0,-0.0030010334649603976
763,0.0,0.0,0.0,0.0,0.0,-0.00010232101994122819,-0.004711758554306893,-0.0012049389135036666,0.0,0.0
1150,0.0,0.0,0.0,0.0,0.0,0.00410941842048926,-0.0045423084836680875,-0.002976512835020985,0.0,0.0
393,0.0,-0.0012143116573204923,0.0,0.0,0.013886509568490149,0.0023077391113315595,0.002063096796662809,-0.01194201049829694,0.0,0.0
