subcohort,variable,pattern,dispersion,disp_ci_low,disp_ci_high,dispersion_threshold,residual_fraction,cut_point,cut_basis,screened
low,estrec,A/C,0.6770156099160699,0.4903889508106096,0.7944224600779821,0.1,0.30124537067061324,,"continuous: no pre-specified cut point, skipped",True
low,progrec,A/C,0.5532858793159279,0.4162744777328976,0.6363582218060513,0.1,0.05616048071597729,,"continuous: no pre-specified cut point, skipped",True
low,age,A/C,0.3971747232505831,0.2950595374168375,0.4398411341076148,0.1,0.10262106221002729,,"continuous: no pre-specified cut point, skipped",True
low,tsize,A/C,0.3889472624405104,0.31819870453757826,0.416841237455242,0.1,0.045093705707503005,,"continuous: no pre-specified cut point, skipped",True
low,pnodes,A/C,0.3624510308493052,0.32184682744853577,0.38897472837940633,0.1,0.07571868968247662,4.0,median of observed levels,True
low,horTh,A/C,0.2103149162259882,0.1558428358581759,0.24470499531287468,0.1,0.05139420470629299,0.0,binary,True
low,tgrade,B,0.1388227494827927,0.08792159701333928,0.1758622189227673,0.1,0.04301049999770592,1.0,median of observed levels,False
low,menostat,B,0.121670716687969,0.09563902829660012,0.1462454719300207,0.1,0.7294917061863555,0.0,binary,False
high,progrec,A/C,0.48842439871266335,0.41574400662285516,0.5320841113234458,0.1,0.039676716174400294,,"continuous: no pre-specified cut point, skipped",True
high,pnodes,A/C,0.38935180915642575,0.32761933711659547,0.4358003124493849,0.1,0.032534091248681896,,"continuous: no pre-specified cut point, skipped",True
high,age,A/C,0.37669941562920484,0.30119185652176467,0.4269056006196164,0.1,0.11824043504360615,,"continuous: no pre-specified cut point, skipped",True
high,estrec,A/C,0.36231955547608813,0.30229758757618597,0.39347196462959017,0.1,0.10216844878843996,,"continuous: no pre-specified cut point, skipped",True
high,tsize,A/C,0.22149572237534043,0.17984020540226706,0.24091087706404773,0.1,0.04806963290183228,,"continuous: no pre-specified cut point, skipped",True
high,horTh,A/C,0.19270942353944498,0.15713286204863056,0.22318605706260614,0.1,0.16491633983619092,0.0,binary,True
high,tgrade,B,0.12940761714324794,0.0838501646151394,0.16585230550324126,0.1,0.10956499922739825,1.0,median of observed levels,False
high,menostat,B,0.08767036895023132,0.06691254667387769,0.10468796016107394,0.1,0.9695209864051135,0.0,binary,False
