,age,estrec,progrec,tsize,horTh,menostat,pnodes,tgrade
568,-0.44644857866703264,-0.4683103075467779,-0.23593718782104198,-0.6079337470144435,0.0,0.0,7.0,1.0
62,0.06071108366616384,-0.5761623977067418,-0.3957376793288938,0.06878307883141278,0.0,1.0,2.0,1.0
298,-0.7507443760669505,-0.4885325744517711,-0.27089354533838456,-0.675605429599029,0.0,0.0,11.0,0.0
313,0.06071108366616384,1.2640638906476434,-0.42070650612699567,0.0011113962468271555,1.0,1.0,10.0,1.0
385,-0.7507443760669505,0.3742841468279406,2.8452160390647263,-0.6079337470144435,0.0,1.0,11.0,1.0
46,1.176462340799196,-0.6098661758817306,-0.520581813319403,-0.6079337470144435,0.0,1.0,1.0,1.0
389,-0.9536082410002291,-0.6503107096917171,-0.5505444054771252,-0.06656028633775847,1.0,0.0,1.0,1.0
89,-1.3593359708667863,-0.5289771082617576,-0.48562545580206046,-0.4725903818452722,0.0,0.0,2.0,1.0
305,1.6836220031323925,-0.5491993751667509,-0.4306940368462364,0.6101565395080978,0.0,1.0,2.0,2.0
281,-1.6636317682667043,0.07095014325304196,-0.031192808076606803,0.06878307883141278,1.0,0.0,4.0,1.0
542,-2.1707914305999005,-0.5963846646117351,-0.4556628636443382,-0.8109487947682004,0.0,0.0,1.0,2.0
34,-1.9679275656666222,0.14509845523801718,-0.03618657343622717,-0.9462921599373716,0.0,0.0,5.0,1.0
501,0.8721665433992782,0.05072787634804871,-0.5255755786790234,0.06878307883141278,1.0,1.0,2.0,1.0
148,-0.9536082410002291,-0.5154955969917622,-0.0012302159188845839,0.06878307883141278,0.0,0.0,7.0,1.0
512,1.3793262057324747,-0.39416199556180265,-0.4556628636443382,0.4071414917543409,0.0,1.0,3.0,1.0
346,-1.562199835800065,-0.6098661758817306,-0.4806316904424401,-0.4049186992606866,0.0,0.0,3.0,2.0
565,-0.8521763085335898,-0.36045821738681394,-0.5255755786790234,-1.0139638425219573,0.0,0.0,1.0,2.0
524,-1.6636317682667043,-0.6435699540567194,-0.48562545580206046,-0.26957533409151535,0.0,0.0,1.0,2.0
303,1.3793262057324747,1.1494710448526817,1.601768464519254,1.0161866350156115,1.0,1.0,10.0,1.0
340,-1.562199835800065,0.738284951117819,1.2721799507843097,0.1364547614159984,0.0,0.0,10.0,0.0
181,-1.0550401734668684,-0.6503107096917171,-0.4406815675654771,0.06878307883141278,0.0,0.0,1.0,1.0
432,-0.7507443760669505,-0.4683103075467779,1.4719305651691243,0.4071414917543409,0.0,0.0,6.0,1.0
221,0.8721665433992782,1.8505096308924476,-0.5105942826001623,0.06878307883141278,0.0,1.0,1.0,1.0
0,1.6836220031323925,-0.2054208377818657,-0.31084366821534753,-0.5402620644298578,0.0,1.0,3.0,1.0
267,-2.880814957866376,-0.063864969446913,0.6978969344279671,-0.4725903818452722,0.0,0.0,2.0,1.0
679,-1.3593359708667863,-0.5829031533417396,0.5830403311566987,0.745499904677269,0.0,0.0,6.0,1.0
2,0.46643881353272104,1.1764340673926728,-0.29086860677686605,0.4071414917543409,1.0,1.0,9.0,1.0
558,-0.24358471373375407,-0.26608763849684547,1.2472111239862078,1.4222167305231252,0.0,0.0,5.0,1.0
373,-1.562199835800065,-0.5761623977067418,-0.041180338795847544,-0.26957533409151535,0.0,0.0,1.0,1.0
81,-1.7650637007333436,-0.6503107096917171,-0.5006067518809215,-1.4199939380294708,0.0,0.0,1.0,2.0
352,1.0750304083325568,-0.5559401308017486,-0.45066909828471785,0.27179812658516966,0.0,1.0,3.0,2.0
584,-0.04072084880047546,-0.33349519484682294,1.1723046435919022,0.5424848569235121,1.0,1.0,5.0,1.0
84,-0.6493124436003113,-0.4885325744517711,0.3832897167718839,0.745499904677269,1.0,1.0,6.0,2.0
114,0.9735984758659175,-0.5222363526267598,-0.2309434224614216,-0.4725903818452722,1.0,1.0,9.0,1.0
258,0.8721665433992782,-0.5559401308017486,-0.5505444054771252,-0.4049186992606866,1.0,1.0,2.0,1.0
351,-1.9679275656666222,-0.5761623977067418,-0.4806316904424401,-1.758352350952399,0.0,0.0,1.0,2.0
132,-0.04072084880047546,-0.23912461595685444,-0.46565039436357897,-1.2846505728602997,0.0,1.0,1.0,1.0
414,-1.1564721059335077,-0.3806804842918072,-0.1660244727863568,-1.3523222554448853,1.0,0.0,8.0,0.0
102,-0.7507443760669505,-0.6503107096917171,-0.05116786951508828,0.4071414917543409,0.0,0.0,5.0,0.0
541,-1.257904038400147,-0.6233476871517261,-0.42070650612699567,-0.4049186992606866,0.0,0.0,2.0,2.0
480,1.6836220031323925,1.1899155786626683,-0.3807563832500327,-0.26957533409151535,1.0,1.0,4.0,1.0
347,-0.34501664620039335,-0.44808804064178465,-0.06115540023432902,-0.4049186992606866,1.0,1.0,8.0,1.0
19,0.16214301613280313,-0.13801328143188824,1.0075103867244302,2.43729196929191,0.0,1.0,4.0,0.0
238,0.9735984758659175,-0.39416199556180265,-0.4606566290039586,-0.675605429599029,1.0,1.0,5.0,1.0
665,0.6693026784659997,1.3719159808076073,0.023738610879217265,0.4071414917543409,0.0,1.0,3.0,1.0
491,1.0750304083325568,-0.2189023490518612,-0.3158374335749679,0.4071414917543409,1.0,1.0,3.0,1.0
27,-1.0550401734668684,-0.6166069315167283,-0.3657750871711716,0.4071414917543409,0.0,0.0,4.0,1.0
50,0.770734610932639,0.5090992595278956,-0.4456753329250975,-0.26957533409151535,1.0,1.0,1.0,1.0
322,-0.6493124436003113,0.7248034398478235,0.2684331135006154,0.8808432698464402,1.0,0.0,7.0,1.0
557,0.8721665433992782,0.38102490246293835,-0.17101823814597716,-0.4725903818452722,0.0,1.0,7.0,1.0
185,0.770734610932639,-0.5896439089767374,-0.4356878022058568,0.4071414917543409,1.0,1.0,2.0,2.0
248,-1.257904038400147,-0.39416199556180265,-0.5105942826001623,-0.6079337470144435,0.0,0.0,4.0,1.0
535,0.06071108366616384,-0.05712421381191526,-0.42570027148661604,-0.5402620644298578,1.0,1.0,7.0,1.0
390,-0.8521763085335898,-0.13127252579689047,0.33834582853530054,4.805800859752407,1.0,0.0,6.0,1.0
230,-0.8521763085335898,0.4416917031779181,-0.5455506401175049,-0.9462921599373716,0.0,1.0,6.0,1.0
249,-0.6493124436003113,-0.5761623977067418,-0.49061922116168083,0.06878307883141278,1.0,0.0,5.0,1.0
61,0.8721665433992782,-0.1784578152418747,-0.4406815675654771,-0.9462921599373716,0.0,1.0,4.0,1.0
38,-0.04072084880047546,-0.6031254202467329,-0.48562545580206046,-0.4049186992606866,0.0,1.0,3.0,1.0
648,-1.6636317682667043,-0.2189023490518612,-0.4356878022058568,-0.4725903818452722,1.0,0.0,3.0,0.0
618,-1.6636317682667043,-0.19868008214686797,0.6579468115510042,0.4071414917543409,0.0,0.0,1.0,2.0
456,-1.0550401734668684,-0.3469767061168184,-0.4356878022058568,1.7605751434460533,0.0,0.0,1.0,1.0
366,0.8721665433992782,-0.13801328143188824,0.6429655154721431,0.27179812658516966,0.0,1.0,5.0,0.0
167,0.5678707459993604,0.9337668645327538,-0.4356878022058568,-0.4725903818452722,0.0,1.0,2.0,1.0
685,0.16214301613280313,-0.5491993751667509,0.028732376238837634,-0.4049186992606866,0.0,1.0,9.0,1.0
98,-1.257904038400147,0.02376485380805772,-0.05116786951508828,0.745499904677269,1.0,0.0,4.0,1.0
499,0.06071108366616384,-0.090827991986904,-0.5455506401175049,-0.26957533409151535,1.0,1.0,3.0,2.0
602,0.8721665433992782,0.9337668645327538,-0.18599953422483828,0.6778282220926833,1.0,1.0,4.0,1.0
65,-0.8521763085335898,-0.6300884427867238,-0.4806316904424401,-1.2846505728602997,0.0,0.0,1.0,1.0
329,-0.24358471373375407,-0.5694216420717441,-0.48562545580206046,0.3394698091697553,1.0,0.0,3.0,1.0
83,-0.6493124436003113,-0.4076435068317982,1.4869118612479855,-0.6079337470144435,0.0,1.0,6.0,2.0
276,0.8721665433992782,-0.3200136835768274,-0.49061922116168083,-0.26957533409151535,1.0,1.0,4.0,2.0
660,-0.14215278126711475,0.05072787634804871,-0.22095589174218086,0.5424848569235121,0.0,0.0,3.0,1.0
343,-0.6493124436003113,-0.47505106318177565,0.018744845519596896,0.06878307883141278,1.0,1.0,9.0,0.0
315,-0.14215278126711475,-0.5963846646117351,-0.5455506401175049,-0.6079337470144435,1.0,1.0,1.0,1.0
378,-0.34501664620039335,-0.0773464807169085,-0.4306940368462364,-0.26957533409151535,0.0,0.0,1.0,2.0
495,0.16214301613280313,0.7180626842128257,-0.4806316904424401,1.4222167305231252,1.0,1.0,1.0,1.0
160,-1.562199835800065,0.05746863198304646,0.15357651022934687,-0.7432771121836147,0.0,0.0,5.0,2.0
225,0.2635749485994424,1.6011016723975309,-0.5405568747578845,-0.6079337470144435,1.0,1.0,1.0,0.0
527,1.0750304083325568,-0.5761623977067418,-0.5105942826001623,-0.4725903818452722,0.0,1.0,1.0,2.0
333,0.16214301613280313,0.927026108897756,-0.14105564598825493,0.5424848569235121,0.0,1.0,1.0,1.0
476,0.36500688106608176,-0.090827991986904,-0.46565039436357897,0.06878307883141278,1.0,1.0,1.0,1.0
627,-0.6493124436003113,-0.04364270254191976,-0.5505444054771252,0.745499904677269,0.0,0.0,1.0,1.0
250,0.9735984758659175,0.6641366391328438,-0.5105942826001623,-0.26957533409151535,1.0,1.0,2.0,1.0
103,1.176462340799196,0.15183921087301494,1.397024084774819,1.9635901911998102,0.0,1.0,11.0,1.0
205,-0.34501664620039335,-0.5626808864367464,-0.45066909828471785,-0.26957533409151535,0.0,0.0,1.0,2.0
279,1.0750304083325568,-0.11105025889189724,-0.3458000257326901,-0.33724701667610096,0.0,1.0,2.0,1.0
241,0.06071108366616384,-0.26608763849684547,-0.5255755786790234,-0.26957533409151535,1.0,1.0,1.0,1.0
422,-1.4607679033334255,-0.6233476871517261,-0.5255755786790234,-0.06656028633775847,0.0,0.0,3.0,1.0
54,-0.7507443760669505,-0.3537174617518162,-0.2159621263825605,0.4071414917543409,0.0,0.0,7.0,1.0
463,0.6693026784659997,1.4730273153325737,0.25844558278137464,0.20412644400058402,0.0,1.0,8.0,2.0
656,0.46643881353272104,-0.5761623977067418,-0.520581813319403,0.4071414917543409,1.0,1.0,1.0,1.0
15,0.06071108366616384,-0.6098661758817306,0.12361391807162467,0.06878307883141278,0.0,1.0,1.0,1.0
410,-0.14215278126711475,-0.5491993751667509,-0.5006067518809215,-0.26957533409151535,0.0,1.0,3.0,2.0
545,-0.34501664620039335,-0.4346065293717891,-0.5105942826001623,-1.0816355251065428,0.0,0.0,5.0,2.0
37,1.0750304083325568,-0.07060572508191075,-0.2159621263825605,-0.26957533409151535,0.0,1.0,9.0,0.0
546,-0.6493124436003113,-0.5896439089767374,-0.4606566290039586,-0.4049186992606866,0.0,0.0,2.0,2.0
64,-0.04072084880047546,-0.6435699540567194,-0.5056005172405419,-0.26957533409151535,1.0,1.0,2.0,1.0
180,0.770734610932639,0.5158400151628934,-0.520581813319403,-0.4725903818452722,1.0,1.0,2.0,1.0
231,-0.7507443760669505,0.08443165452303746,-0.5155880479597826,-0.5402620644298578,0.0,0.0,1.0,2.0
406,-0.04072084880047546,0.15857996650801268,-0.47064415972319934,-0.8786204773527859,0.0,1.0,1.0,1.0
4,1.9879178005323106,-0.21216159341686347,-0.42070650612699567,0.4071414917543409,0.0,1.0,1.0,1.0
641,-0.14215278126711475,-0.5491993751667509,-0.5505444054771252,-0.6079337470144435,1.0,1.0,3.0,1.0
405,-1.4607679033334255,0.0911724101580352,-0.3607813218115512,-0.6079337470144435,0.0,0.0,1.0,1.0
579,-1.0550401734668684,0.18554298904800368,-0.5305693440386438,1.7605751434460533,0.0,0.0,1.0,1.0
595,0.16214301613280313,2.5650297282022088,-0.006223981278504953,0.3394698091697553,0.0,1.0,6.0,1.0
458,-0.9536082410002291,-0.2323838603218567,0.3832897167718839,-0.33724701667610096,1.0,0.0,5.0,2.0
336,-1.562199835800065,-0.6166069315167283,-0.48562545580206046,-0.33724701667610096,0.0,0.0,3.0,1.0
70,-1.1564721059335077,-0.44808804064178465,1.3870365540555782,-1.1493072076911284,0.0,0.0,6.0,1.0
592,-1.3593359708667863,-0.5424586195317531,-0.5405568747578845,0.06878307883141278,0.0,0.0,3.0,2.0
367,0.770734610932639,1.3247306913626231,1.8065128442636893,0.06878307883141278,1.0,1.0,8.0,1.0
130,0.2635749485994424,-0.25260612722684994,-0.5505444054771252,0.745499904677269,1.0,1.0,3.0,1.0
640,0.16214301613280313,0.21250601158799468,-0.5006067518809215,-0.6079337470144435,1.0,1.0,4.0,0.0
362,-0.6493124436003113,-0.4885325744517711,3.424492820780689,2.7756503822148377,0.0,0.0,5.0,1.0
287,1.480758138199114,-0.1919393265118702,-0.35079379109231046,-1.0139638425219573,1.0,1.0,6.0,1.0
51,-0.7507443760669505,-0.6503107096917171,-0.5405568747578845,-0.26957533409151535,0.0,1.0,1.0,1.0
151,-0.6493124436003113,-0.3132729279418297,-0.5505444054771252,-1.1493072076911284,0.0,1.0,2.0,1.0
361,0.9735984758659175,0.9405076201677516,0.5630652697182172,0.3394698091697553,1.0,1.0,12.0,1.0
601,-0.547880511133672,-0.16497630397187923,-0.5006067518809215,0.745499904677269,0.0,1.0,1.0,1.0
372,-2.6779510929330974,0.01702409817305997,-0.27089354533838456,-0.4725903818452722,0.0,0.0,1.0,1.0
662,-0.44644857866703264,-0.3739397286568094,-0.4806316904424401,-0.4725903818452722,0.0,1.0,1.0,1.0
265,-0.44644857866703264,-0.6503107096917171,-0.5505444054771252,-1.0139638425219573,0.0,1.0,1.0,1.0
286,0.36500688106608176,-0.6435699540567194,-0.5455506401175049,-1.4876656206140566,1.0,1.0,1.0,1.0
374,-1.1564721059335077,-0.5829031533417396,-0.4956129865213012,-0.26957533409151535,0.0,0.0,2.0,2.0
101,-1.1564721059335077,-0.10430950325689949,-0.22594965710180123,0.06878307883141278,0.0,0.0,4.0,2.0
492,-0.24358471373375407,-0.6368291984217216,-0.5355631093982641,-0.5402620644298578,1.0,0.0,1.0,1.0
184,-0.44644857866703264,0.010283342538062224,-0.27089354533838456,-0.6079337470144435,1.0,0.0,6.0,1.0
159,-2.475087227999819,0.3608026355579451,-0.39074391396927344,-1.1493072076911284,0.0,0.0,4.0,1.0
566,1.2778942732658354,5.402887850536261,-0.5056005172405419,-0.5402620644298578,0.0,1.0,1.0,1.0
224,-0.7507443760669505,-0.6503107096917171,-0.5505444054771252,-1.2169788902757142,0.0,0.0,2.0,1.0
564,1.2778942732658354,-0.5020140857217666,-0.4956129865213012,-0.4725903818452722,0.0,1.0,4.0,1.0
188,0.5678707459993604,-0.39416199556180265,-0.11109305383053272,-0.4049186992606866,0.0,1.0,2.0,1.0
371,0.36500688106608176,-0.21216159341686347,-0.31084366821534753,-0.26957533409151535,0.0,1.0,3.0,1.0
538,-0.7507443760669505,-0.6300884427867238,-0.520581813319403,0.1364547614159984,1.0,1.0,1.0,2.0
262,-0.44644857866703264,-0.6503107096917171,-0.5505444054771252,-0.7432771121836147,0.0,0.0,2.0,1.0
534,-3.286542687732933,-0.48179181881677335,-0.4306940368462364,-0.9462921599373716,0.0,0.0,3.0,1.0
676,0.2635749485994424,4.068218234806706,0.013751080159976526,0.8808432698464402,1.0,1.0,5.0,0.0
587,-0.34501664620039335,2.693104085267166,-0.5505444054771252,-0.26957533409151535,1.0,1.0,3.0,1.0
671,0.2635749485994424,-0.4413472850067869,-0.3208311989345883,1.7605751434460533,0.0,1.0,3.0,2.0
401,1.3793262057324747,-0.5559401308017486,-0.5255755786790234,0.06878307883141278,0.0,1.0,2.0,1.0
509,1.480758138199114,0.01702409817305997,-0.5355631093982641,0.4071414917543409,1.0,1.0,2.0,1.0
274,0.36500688106608176,-0.6166069315167283,-0.47064415972319934,-0.4725903818452722,1.0,1.0,4.0,1.0
203,0.8721665433992782,-0.5896439089767374,-0.5155880479597826,-0.6079337470144435,0.0,1.0,2.0,1.0
282,0.6693026784659997,-0.5963846646117351,-0.49061922116168083,-0.7432771121836147,0.0,1.0,2.0,2.0
255,-0.7507443760669505,-0.15149479270188373,-0.4306940368462364,-0.4725903818452722,0.0,0.0,4.0,1.0
684,-0.14215278126711475,-0.42112501810179365,-0.4756379250828197,-0.4049186992606866,0.0,1.0,3.0,1.0
223,1.3793262057324747,-0.5222363526267598,-0.520581813319403,-0.26957533409151535,0.0,1.0,1.0,1.0
474,-1.257904038400147,-0.6435699540567194,-0.48562545580206046,-0.6079337470144435,1.0,0.0,3.0,2.0
355,-0.44644857866703264,-0.2323838603218567,-0.021205277357366062,-0.33724701667610096,0.0,0.0,11.0,1.0
