,age,resting.systolic.bp,resting.hr,bmi,lvef.metabl,peak.rer,peak.vo2,interval,bun,sodium,hgb,glucose,crcl,betablok,dilver,nifed,acei,angioten.II,anti.arrhy,anti.coag,aspirin,digoxin,nitrates,vasodilator,diuretic.loop,diuretic.thiazide,diuretic.potassium.spar,lipidrx.statin,insulin,surgery.pacemaker,surgery.cabg,surgery.pci,surgery.aicd.implant,smknow,q.wave.mi,niddm,cad,male,black
859,0.0,0.0,0.06608224527232234,0.0,0.0,0.0,-0.09342050162828021,-0.25641615417346914,0.0,0.0,0.0,-0.08706333331665136,0.0,0.11880844144349856,0.0,0.0,0.0,0.0,0.0,0.0,0.0,-0.18728197149370107,0.0,0.0,0.0,0.0,0.0,0.0,0.0,0.0,0.07212287668954354,0.09690201687603739,0.0,0.06863290270481011,0.0,0.0,0.14852129568067046,0.0,0.0
957,0.3056491628119675,0.0,-0.058018487548561086,0.0,0.0,0.0,-0.1085516909762755,-0.3037200549518925,0.05545046169363268,-0.16607638420930446,0.0,0.0,0.09915443702165035,0.0,0.0,0.0,0.0,0.0,0.0,0.0,0.0,0.0,0.019100180906113144,0.0,0.0,0.0,0.0,0.0,0.0,0.0,0.08892629603567342,0.0,0.0,0.0,0.0,0.0,0.13903376135361775,0.0,0.0
1159,0.0,0.0,0.0,0.0,-0.057137814900437,0.0,0.0,0.0,-0.021337457766206713,-0.11261588044688023,-0.04200754987720461,0.0,-0.07899939184508609,0.0,0.0,0.0,0.05329662026453863,0.09107649366684627,0.0,0.0,0.0,-0.20846489906995194,0.0,0.0,0.0,0.13477953155917335,0.0,0.0,0.0,0.0,0.0,0.0,0.0,0.10169783622803491,0.0,0.0,0.0,0.0,0.0
2171,0.29950838340856495,0.0,0.0,0.0,0.0,0.0,-0.1228992174531536,-0.2379915243758842,0.0,-0.12788673411737436,0.0,0.0,0.0,0.0,0.0,0.0,0.0,0.0,0.0,0.0,-0.04559372042952664,-0.2649049857704778,0.0,0.0,0.0,0.0,0.0,0.0,0.0,0.0,0.07976483767477663,0.10645383605359493,0.0,0.0,0.08011207832174197,0.0,0.14140376205434727,0.0,0.0
78,0.32412778469524683,0.0,0.10782303200696434,0.0,-0.07533450210282472,0.0,0.0,0.0,0.0,-0.10722530237370548,-0.06993884916778204,0.0,0.0,0.1701865559910387,0.0,0.0,0.0,0.05371709300671906,0.0,0.0,0.0,-0.2253139450923633,0.0,0.0,0.0,0.1047403504051237,0.0,0.0,0.0,0.0,0.0,0.0,0.0,0.0,0.0,0.0,0.0,-0.16679562258397904,0.0
937,-0.026447653437078535,0.0,0.0,0.0,-0.080302527004002,0.05729897484836005,0.0,0.3200918328739864,-0.015284116572443496,-0.15382719866880834,0.0,0.09279329393484913,0.0,0.0,0.0,0.0,0.0,0.0,0.0,0.0,0.0,-0.21676414404497565,0.0,0.0,0.0,0.0,0.0,0.0,0.08703592122362873,0.0,0.0,0.07604442109169109,0.0,0.0,0.0,0.0,0.0,0.0,0.0
643,0.0,-0.052795749031783516,0.0,0.0,0.0,-0.022604020728377413,-0.016741737663100446,-0.02863860708976362,0.0,-0.04212534064643979,0.05431005412192227,-0.10055134170900384,-0.01620230030472221,0.17233519615312615,0.0,0.0,0.0,0.0,0.0,0.04934505017403861,0.0,0.0,0.0,0.0,0.0,0.0,0.0,0.0,0.0,0.0,0.0,0.0,0.0,0.0,0.0,0.0,0.0,0.0,0.0
240,0.03196800687243979,0.0,0.0,0.0,0.14272234264170072,0.08601175183698677,-0.04143503544177746,-0.2439705922290612,-0.0547815690615826,0.08201365035869342,0.0,0.0,0.0,0.0,0.0,0.0,0.057729281091014426,0.06680589682826592,0.0,0.0,0.0,0.0,0.0,0.0,0.0,0.0,0.0,0.0,0.0,0.0,0.0,0.0,0.0,0.0,0.0,0.0,0.0,0.0,0.028783255837845946
2033,0.14142670122303075,0.0,-0.035286866782435235,0.062238585982981126,0.0,0.06063860544710395,0.0,0.0,-0.03550651713909801,-0.11772527093099916,0.022982249307894664,0.0,-0.07425532309759493,0.0,0.0,0.0,0.0,0.0,0.0,0.05455723501311575,0.0,0.0,0.0,0.0,0.0,0.0,0.0,0.0,0.0,0.0,0.0,0.0,0.0,0.0,0.0,0.0,0.0,-0.2427559764466302,0.0
950,0.08812343577282993,0.0,0.0,0.0,0.04550868759820241,0.0,0.0,-0.25129059817955735,0.0,-0.1339640750419855,-0.0771777599283852,0.0,0.0,0.0,0.0,0.0,0.03676328747306827,0.06554520572324544,0.0,0.0,0.0,0.0,0.0,0.0,0.0,0.0,0.0,0.0,0.0,0.0,0.07165053755654474,0.08649342066626728,0.0,0.0,0.0,0.0,0.16062078878311312,0.0,0.0
833,0.0,0.0,0.0,0.04245356668262044,0.0,0.06370317934883914,0.0,0.044197344192479365,0.0,-0.11268291586445345,0.0,0.0,-0.03185327642178194,0.0,0.0,0.0,0.0,0.0,0.0,0.0,0.0,-0.2521232886710307,0.027493402422431656,0.0,-0.016787401829692003,0.0,0.0,0.0,0.0,0.0,0.11109612235737329,0.0,0.0,0.0,0.0,0.0,0.2044335471504174,0.0,0.0
1229,0.03832460621281485,0.0,0.09217081772798232,0.06666496703849051,0.0,0.03990176037839675,0.0,0.0,-0.0699334944076241,-0.03445372181420752,-0.05655705798752378,0.0,-0.0658436300435014,0.1585842512232017,0.0,0.0,0.0,0.0,0.0,0.0,0.0,0.0,0.0,0.0,0.0,0.0,0.0,0.0,0.0,0.0,0.0,0.0,0.0,0.0,0.0,0.0,0.0,-0.21244072909371167,0.0
540,0.0,0.0,0.14346125835433804,0.04564495092058354,-0.054809868071147815,0.0,-0.03619968495060685,-0.21034585984365306,0.0,-0.07480168149946871,0.0,-0.025323139103860685,-0.09424652835096738,0.19639962469516123,0.0,0.0,0.0,0.0,0.0,0.056271077647457236,0.0,0.0,0.0,0.0,0.0,0.0,0.0,0.0,0.0,0.0,0.0,0.0,0.0,0.0,0.0,0.0,0.0,0.0,0.0
369,0.3023597215658828,0.0,0.0,0.012255514463530542,0.0,0.0,0.014235508736220235,0.0,-0.03525142424529794,-0.1281223884591704,0.0,0.0,0.0,0.0,0.0,0.0,0.0,0.0,0.0,0.0,-0.041472756589700635,-0.2724000301821674,0.0,0.0,0.0,0.0,0.0,0.0,0.0,0.0,0.08312385749877152,0.0,0.0,0.0,0.08313996602189977,0.0,0.16406603571224082,0.0,0.0
796,0.2983111252919614,0.0,0.041655540081400856,0.0,0.0,0.0,0.0,0.06955884558138078,0.0,-0.19696097265797113,-0.06855573200106505,0.0,0.0,0.0,0.0,0.0,0.04199211216492294,0.05185329905737123,0.0,0.0,0.0,-0.2795591234045128,0.0,0.0,0.0,0.0,0.0,0.0,0.0,0.0,0.06412675780904278,0.07161924575210159,0.0,0.0,0.0,0.0,0.0,0.0,0.0
1677,0.2642527004221525,0.0,-0.03267801740007158,0.0,0.15487764170252272,0.0,-0.09541936511201968,-0.3099035066886165,-0.011366719219922328,0.10127734926500268,-0.0762116411258309,0.04364778204719956,0.0,0.0,0.0,0.0,0.0,0.0,0.0,0.0,-0.02604605813735925,0.0,0.0,0.0,0.0,0.0,0.0,0.0,0.0,0.0,0.0,0.0,0.0,0.0,0.0,0.0,0.0,0.0,0.0
614,0.0,-0.02030014050280864,0.08391214660045465,0.0,0.0,-0.02492939803648557,-0.017743249925371296,-0.04351159564150233,0.0,-0.11316151098254379,0.09568323975619875,-0.044298390496910485,0.0,0.18079809026669968,0.0,0.0,0.0,0.0,0.0,0.0,0.0,0.0,0.028844933693992873,0.0,0.0,0.0,0.0,0.0,0.0,0.0,0.0,0.0,0.0,0.0,0.0,0.0,0.0,0.0,0.0
231,0.0,-0.02246517978782213,0.0,0.0,0.0669908295587772,0.06843103500014726,0.0,0.23244129860747112,-0.03632406349206054,-0.05000931542829918,-0.03977783798163811,-0.059528026923505825,0.0,0.0,0.0,0.0,0.0,0.0,0.0,0.0,0.0,0.0,0.0,0.0,0.0,0.0,0.0,0.0,0.0,0.0,0.0,0.0,0.0,0.0,0.0,0.0,0.0,-0.24550631799433617,0.029548499208901804
407,0.12524109452200424,0.0,0.0,0.0,0.0,0.056179053397475164,0.0,0.04988211007064944,0.0,-0.057683938638412875,-0.09125124970652121,0.0,-0.047249086600698986,0.0,0.0,0.0,0.0,0.0,0.0,0.0,0.0,-0.2825786668698481,0.0,0.0,0.0,0.0,0.0,0.0,0.0,0.0,0.0,0.0886287594202216,0.0,0.0,0.07664042832672999,0.0,0.15257962624998925,0.0,0.0
2012,0.0,-0.022357986097204307,0.0,0.0,0.0,-0.05560131234688999,-0.02551949334413078,-0.04515795225348093,-0.02206308963566858,0.04815483797836478,0.0,-0.030976558273410736,-0.046539062563597945,0.0,0.0,0.0,0.0,0.0,0.09091494821393752,0.0,0.0,0.0,0.0,0.0,0.0,0.0,0.0,0.0,0.0,0.0,0.0,0.0,0.0,0.11758313970532476,0.0,0.0,0.0,0.0,0.0
1011,0.0,-0.0475072823493614,0.06733256933914786,0.042708955151136985,0.0,0.0,0.0,0.04276274437372952,0.0,-0.11641162722800888,0.02169648871157033,-0.03516627607585722,-0.051581519935247185,0.18309104814227312,0.0,0.0,0.0,0.0,0.0,0.0,0.0,0.0,0.0,0.0,0.0,0.0,0.0,0.0,0.0,0.0,0.0,0.0,0.0,0.0,0.0,0.0,0.0,0.0,0.03228380319539899
735,0.0,-0.02409608779564517,0.20816871770452458,0.04770001056299949,0.07008998992569529,0.0,-0.05731930227745088,-0.18509499281882533,0.0,-0.127910436333136,0.0,-0.06525218553500732,-0.03349353889440964,0.19977253620611066,0.0,0.0,0.0,0.0,0.0,0.0,0.0,0.0,0.0,0.0,0.0,0.0,0.0,0.0,0.0,0.0,0.0,0.0,0.0,0.0,0.0,0.0,0.0,0.0,0.0
640,0.0,-0.024949866156826005,0.13521624994813514,0.04919698594206577,0.0,0.0,-0.09155706893300437,-0.10592172557834004,-0.04230119101488505,0.0,-0.034073988301091894,0.0,-0.09243954255657387,0.12234127980549984,0.0,0.0,0.0,0.0,0.0,0.0,0.0,0.0,0.0,0.0,0.0,0.0,0.0,0.0,0.0,0.0,0.0,0.0,0.0,0.06850057527029378,0.0,0.0,0.0,0.0,0.0
2038,-0.018964259940489364,0.0,0.09535710060885373,0.0,0.06523745696848916,-0.019401524585610123,-0.027130289702826677,-0.04848609023264022,0.0,-0.04709269011859034,-0.022480366933730456,0.0,-0.02526787630059237,0.0,0.0,0.0,0.0,0.0,0.0,0.014662219911378754,0.0,0.0,0.0,0.0,0.0,0.0,0.0,0.0,0.0,0.0,0.0,0.0,0.0,0.0,0.0,0.0,0.0,0.0,0.0
1155,0.0,0.07409764542901581,0.0,0.0,0.12038895810610975,-0.03594577640745175,0.0,-0.22228784323283365,0.0,0.0,0.034937921761897965,-0.06097593264979922,0.0,0.0,0.0,0.0,0.0,0.0,0.0,0.0,0.0,-0.23756921101914077,0.0,0.0,0.0,0.0,0.0,0.0,0.0,0.0,0.0,0.09019943246387374,0.0,0.07356552293494173,0.0,0.0,0.13467157548989878,0.0,0.0
671,-0.041861940188368224,-0.04538868327381561,0.09106914125685589,0.0,0.056887369282311195,0.0,-0.06357793482104784,-0.19243633260660345,0.0,0.0,0.08188664208862668,-0.10135043340356455,0.0,0.16472404069533905,0.0,0.0,0.0,0.0,0.0,0.031441058907433095,0.0,0.0,0.0,0.0,0.0,0.0,0.0,0.0,0.0,0.0,0.0,0.0,0.0,0.0,0.0,0.0,0.0,0.0,0.0
973,0.3764626581063214,0.0874413526276609,0.0,0.0,0.0,-0.0368452005012562,-0.06983413856898887,-0.21684309800183232,0.0,-0.14556731797782288,0.0,-0.08267460291450462,-0.03865381800174277,0.19324190785782996,0.0,0.0,0.0,0.0,0.0,0.0,0.0,0.0,0.0,0.0,0.0,0.0,0.0,0.0,0.0,0.0,0.0,0.0,0.0,0.0,0.0,0.0,0.0,-0.16850070568632555,0.0
1042,-0.028076449767894997,-0.058530762974879094,0.0,0.0,0.0,0.0,0.0,0.0,0.0,0.0,0.051181020290398546,-0.05971856004648766,-0.030749104505748647,0.0,0.0,0.0,0.0,0.0,0.0,0.0,0.0,0.0,0.025054772860106683,0.0,0.0,0.0,0.0,0.0,0.0,0.0,0.0,0.09511897364329543,0.0,0.12114669927943943,0.0,0.0,0.2125859748956454,-0.15655172794121097,0.0
867,-0.032610442557188826,-0.023372730061494307,0.0,0.0,-0.07460384691550555,0.04372852082519288,0.1755922668065802,0.47117349459063423,-0.03083640942392188,-0.11818362795641293,0.0,0.0,0.0,0.0,0.0,0.0,0.0,0.0,0.0,0.0,-0.024473287938033512,0.0,0.0,0.0,0.0,0.0,0.0,0.0,0.0,0.0,0.0,0.0,0.0,0.0,0.0,0.0,0.0,-0.20461502426044742,0.0
1640,0.29171651381063946,-0.028499362596948546,0.0,0.03847624318921838,0.0,0.06481653759120522,-0.10340280948091106,-0.28693762851979554,-0.03082723562325706,0.13533288095801912,0.0,0.03991377858308117,0.0,0.0,0.0,0.0,0.0,0.0,0.0,0.0,0.0,-0.26936323377659294,0.0,0.0,0.0,0.0,0.0,0.0,0.0,0.0,0.0,0.0,0.0,0.0,0.0,0.0,0.0,0.0,0.0
900,0.0,0.0,0.19725830848198572,0.0,0.05856754417458095,0.0,-0.04369274813670062,-0.2542811975412734,-0.03243095558396317,0.04733639896625775,0.08271332660557273,0.0,-0.057448938306082456,0.111180429851373,0.0,0.0,0.0,0.0,0.0,0.03134752992938377,0.0,0.0,0.0,0.0,0.0,0.0,0.0,0.0,0.0,0.0,0.0,0.0,0.0,0.0,0.0,0.0,0.0,0.0,0.0
12,0.043629151937387325,-0.04938689601676407,-0.016948457522276875,0.0,0.0,0.0,0.0,0.0,0.0,-0.11171935854943431,-0.11039947204590596,-0.058240356636282485,0.05147861283978942,0.18196383246243894,0.0,0.0,0.0,0.0,0.11263512253391961,0.0,0.0,0.0,0.0,0.0,0.0,0.0,0.0,0.0,0.0,0.0,0.0,0.0,0.0,0.0,0.0,0.0,0.0,-0.1780219011292229,0.0
792,0.0,-0.041582593535569146,0.0,0.0,0.0,0.0,-0.18983894675183793,-0.2830488966827622,0.0,-0.09505086275124075,0.0,0.04855683351000349,-0.0663014243511972,0.0,0.0,0.0,0.0,0.0,0.0,0.0,0.0,0.0,0.0,0.0,0.0,0.0,0.0,0.0,0.08257824085676421,0.0,0.0,0.09854574186075071,0.0,0.0,0.1344722350763438,0.0,0.13492889593957985,0.0,0.0
1164,0.3407200315176108,0.0,0.0,0.0,0.06571713453965762,0.06125504971756008,-0.12037341082182677,-0.25936858837234633,0.0,-0.17955987229625747,0.0,-0.033245530289173215,-0.03329194812163712,0.0,0.0,0.0,0.0,0.0,0.0,0.0,-0.02768298464564585,0.0,0.0,0.0,0.0,0.0,0.0,0.0,0.0,0.0,0.0,0.0,0.0,0.0,0.0,0.0,0.1109207743245363,0.0,0.0
461,0.35769119928422277,0.0,0.0,0.0,0.14529083040082783,-0.027224463173340013,-0.0672517638170393,-0.19199648327686114,0.0,-0.13506754722948466,-0.05999803907874655,0.0,-0.035924922377784545,0.2262068708255966,0.0,0.0,0.0,0.0,0.0,0.0,0.0,0.0,0.0,0.0,0.0,0.0,0.0,0.0,0.0,0.0,0.0,0.0,0.0,0.0,0.0,0.0,0.0,-0.15242992515476278,0.0
2071,0.01856772909762514,0.0,0.0,0.03501362809536416,0.06704866366311557,0.0,0.0,0.0,-0.06877607908869053,0.08059988479303193,0.0,0.0594529123717477,-0.10481240296459883,0.1346079809588533,0.0,0.0,0.0,0.0,0.0,0.0,0.0,0.0,0.0,0.0,0.0,0.0,0.0,0.0,0.0,0.0,0.0,0.0,0.0,0.0,0.0,0.0,0.0,-0.14905094371113103,0.023828207010132926
297,0.0,0.0,0.13890536588057636,0.0,0.0,0.025240700023251794,0.0,0.04089431853161289,0.0,-0.08610035132056487,0.0,-0.06562392552181148,0.0,0.09680840441669905,0.0,0.0,0.0,0.0,0.04200720484618956,0.0,0.0,-0.26969890618343295,0.0,0.0,0.0,0.0,0.0,0.0,0.0,0.0,0.0,0.0,0.0,0.0810567702782538,0.11442517257635705,0.0,0.0,0.0,0.0
575,0.0,0.07739684308468316,0.07887446620562567,0.0,0.0,0.0,-0.0952296244551068,-0.2483454055072297,0.0,0.05860019676704184,0.029872376108691708,0.04027177198411435,0.0,0.0,0.0,0.0,0.0,0.0,0.0,0.0,0.0,0.0,0.0,0.0,0.0,0.0,0.0,0.0,0.0,0.0,0.0,0.06595153151538902,0.0,0.0,0.0,0.0,0.12847747406282695,-0.09809127947276505,0.0
959,0.0,0.0,0.06723485821107082,0.0,0.10174555997980572,-0.12263506370862859,-0.05232922720929474,-0.23401925748331306,0.0,0.03746135818525293,0.0,0.0,0.0,0.10414388457838077,0.0,0.0,0.0,0.0,0.06102008486179301,0.0,0.0,0.0,0.0,0.02434477431910004,0.0,0.0,0.0,0.0,0.0,0.0,0.0,0.0,0.0,0.044644938172379474,0.0,0.0,0.0,0.0,0.0
1486,0.0,0.0,0.0,0.0,0.0,0.0,0.0,-0.07426293048990476,0.18154260071033504,0.12602238041768915,-0.06413314912162506,-0.07007515739147877,-0.041768493595973066,0.0,0.0,0.0,0.0,0.0,0.0,0.0,0.0,-0.22144349967968935,0.0,0.0,0.0,0.0,0.0,0.0,0.0,0.0,0.08431901734106656,0.0,0.0,0.0,0.06366347192977322,0.0,0.15899495401187266,0.0,0.0
1794,0.0611900165422133,0.0,0.25646675906289185,0.0,0.09046493180946986,0.09363986688643872,-0.09005560318335935,-0.24687036087945088,0.0,0.0,0.0,0.02972600251905294,-0.07128353433085062,0.0,0.0,0.0,0.0,0.0,0.0,0.0,0.0,-0.2520462654897867,0.0,0.0,0.0,0.0,0.0,0.0,0.0,0.0,0.0,0.0,0.0,0.055183384774594106,0.0,0.0,0.0,0.0,0.0
561,0.0,-0.04736750039347745,0.0,0.0,-0.09272109116692312,0.04608121043363974,0.0,0.05078473005145099,-0.051515065964118374,-0.08945891234938899,-0.04470627367815312,0.0,-0.15709656197698244,0.21760486608555693,0.0,0.0,0.0,0.0,0.0,0.0,0.0,0.0,0.0,0.0,0.0,0.0,0.0,0.0,0.0,0.0,0.0,0.0,0.0,0.0,0.0,0.0,0.0,0.0,0.03500906884840782
694,0.0,-0.043672117585614546,0.14030188964455023,0.06510124393742472,0.05410200159169441,-0.041611807775753656,-0.1350154357337704,-0.2379205031458557,0.0,0.03534417705093193,0.0,0.0,-0.09436353177761658,0.14355138605178025,0.0,0.0,0.0,0.0,0.0,0.0,0.0,0.0,0.0,0.0,0.0,0.0,0.0,0.0,0.0,0.0,0.0,0.0,0.0,0.0,0.0,0.0,0.0,0.0,0.0
1357,0.0,0.0,0.0,0.1497187666840902,0.0,0.05768204827999454,0.0,0.06458309351411237,0.0,-0.052643148641787485,0.0,-0.07825789669067894,0.0,0.0,0.0,0.0,0.046990624891148955,0.07687350516115131,0.0,0.0,0.0,-0.26822603938057116,0.0,0.0,0.0,0.0,0.0,0.0,0.0,0.0,0.0,0.0,0.0,0.10344395047822871,0.0,0.0,0.0,-0.19531505541161165,0.0
1070,0.0,0.0,0.0786050298795863,0.044739651017888356,0.0448502814431974,-0.06878727486150467,0.0,0.0,-0.047283468901960446,0.03809826328293449,0.0,0.03033208197311083,0.0,0.09251983481490424,0.0,0.0,0.0,0.07263951958278558,0.0,0.0,0.0,0.0,0.0,0.0,0.0,0.0,0.0,0.0,0.0,0.0,0.0,0.0,0.0,0.0,0.0,0.0,0.0,-0.15967146245812527,0.0
2127,0.0,0.0,0.10076601211835381,0.0,0.0,0.0,0.0,-0.03867413691003663,-0.04589550348270369,0.14439293896754476,-0.03516259329235075,-0.06128544029804398,0.0,0.0,0.0,0.0,0.05080339319114677,0.08127617632310168,0.0,0.0,0.0,0.0,0.0,0.0,0.0,0.0,0.0,0.0,0.0,0.0,0.0,0.0,0.0,0.11023280078991393,0.0,0.0,0.0,-0.16951345971714563,0.0
604,0.0,0.0,0.06254393543727879,0.0,0.0,0.0,-0.05701657590544572,-0.24170213949967256,0.0,-0.10979385249790023,-0.036672737721225784,0.07567896467349504,0.0,0.0,0.0,0.0,0.0,0.0,0.0,0.0,0.0,-0.23984522820223353,0.0,0.0,0.0,0.0,0.0,0.0,0.0,0.0,0.0,0.10208074723300153,0.0,0.0,0.10049883964392481,0.0,0.20063731590498807,0.0,0.0
654,0.026905776104148543,0.0,0.09418904670317776,0.07897429259425827,0.0,0.0,0.0,-0.19273881398133524,0.0,0.07893707671919832,-0.07826624870545329,0.0,0.042066295684852734,0.12150220817737899,0.0,0.0,0.0,0.0,0.0,0.0,0.0,-0.19727828444240064,0.0,0.0,0.0,0.0,0.0,0.0,0.0,0.0,0.0,0.0,0.0,0.0,0.0,0.0,0.0,-0.11019836144221266,0.0
22,0.024983062810687864,0.0,0.0,0.043562354648651797,0.0,0.0,0.0,-0.027088115246077987,0.0,-0.07484879383681177,-0.07386539920584034,0.04278493452916476,0.0,0.1729783663599484,0.0,0.0,0.0,0.0,0.0,0.0,0.019362572563859023,0.0,0.0,0.0,0.0,0.0,0.0,0.0,0.0,0.0,0.0,0.0,0.0,0.09217564984297086,0.0,0.0,0.0,-0.16742386244434826,0.0
1054,0.0,0.0,0.0,0.0,0.09994085135297137,0.0,-0.07600870394735461,-0.2383853490278891,0.0,-0.1164318511633663,0.0,-0.06914994131025078,0.0,0.24554458699677723,0.0,0.0,0.0,0.0,0.08305185972267516,0.0,0.0,-0.18396089434310509,0.03327881511130448,0.0,0.0,0.0,0.0,0.0,0.0,0.0,0.09536103557734997,0.0,0.0,0.0,0.0,0.0,0.0,0.0,0.0
522,0.0,0.0,0.0,0.040118084897403206,-0.04891119138511816,0.03625286492681643,0.0,0.0,0.0,-0.11381342716997307,-0.07013010545536383,-0.0657244986063072,0.0,0.23619578208508898,0.0,0.0,0.0,0.0,0.11599237956596571,0.04120311563476365,0.0,0.0,0.0,0.0,0.0,0.0,0.0,0.0,0.0,0.0,0.0,0.0,0.0,0.0,0.0,0.0,0.0,-0.19916745540179112,0.0
206,0.0,0.0,0.0,0.0,-0.05179919674234753,0.0,-0.08023159364603769,-0.26999113087933874,0.0,0.039272723008142676,0.0,0.0,-0.049197496154299546,0.0,0.0,0.0,0.05395131976958439,0.08077333296765075,0.054743642137461745,0.03584103927032392,0.0,0.0,0.0,0.0,0.0,0.0,0.0,0.0,0.0,0.0,0.0,0.0,0.0,0.07924777153210959,0.0,0.0,0.0,0.0,0.0
2023,0.0,-0.034605708728607056,0.24728234058483126,0.0,-0.04570424984790524,-0.01819591050923053,0.016886303244656103,0.01602637091841383,-0.05113699831975135,0.09954867519238236,0.0,0.029523609739230655,-0.09237558790801552,0.0,0.0,0.0,0.0,0.0,0.0,0.0,0.0,0.0,0.0,0.0,0.0,0.0,0.0,0.0,0.0,0.0,0.0,0.0,0.0,0.0,0.0,0.0,0.0,0.0,0.0
1790,0.0,0.02980414306012492,0.0,0.017704979706692676,0.0,-0.017349070064871894,0.0,0.0,-0.029276635453243226,0.10556987560450598,0.0657577877357113,0.013485630044786989,-0.05968419756635333,0.0,0.0,0.0,0.0,0.0,0.0,0.0,0.012918722067104468,0.0,0.0,0.0,0.0,0.0,0.0,0.0,0.0,0.0,0.0,0.0,0.0,0.0,0.0,0.0,0.0,-0.1911317061335696,0.0
1320,0.0,0.0,0.0,0.016747304037821265,0.08714118487138382,0.056470883939260634,0.22067656397841245,0.0,0.0,-0.13068236643939352,0.0,-0.038599379643556544,0.0,0.0,0.0,0.0,0.0,0.0,0.05953489920550771,0.0,0.0,-0.23233991586040625,0.0,0.0,0.0,0.0,0.0,0.0,0.0,0.0,0.0,0.0,0.0,0.07886634649540072,0.0,0.0,0.0,0.0,0.025400008395371574
953,0.0495397694622462,0.0,0.0,0.0,-0.06710161215890421,0.0358591585644115,0.0,-0.051858895791315446,0.0,0.0,0.052563294099229455,-0.04930629780429963,0.0,0.15737533485904534,0.0,0.0,0.039923702388879954,0.08857770744906636,0.0,0.0,0.0,-0.259459405733284,0.0,0.0,0.0,0.0,0.0,0.0,0.0,0.0,0.0,0.0,0.0,0.0,0.0,0.0,0.0,0.0,0.0
1005,0.2944953277877116,0.0,0.1151761446847132,0.0,0.0,0.0,-0.12107736218168354,-0.2313700933270125,0.0,-0.09008139856096395,-0.043040794470201954,-0.05461374702386901,-0.03831130069391473,0.1616397922253924,0.0,0.0,0.0,0.0,0.0,0.0,0.0,0.0,0.0,0.0,0.0,0.0,0.0,0.0,0.0,0.0,0.0,0.0,0.0,0.0,0.0,0.0,0.1258529811817122,0.0,0.0
495,0.0,0.0,0.09221711626143271,0.0,0.07269411657384478,0.0,-0.08394801917161826,-0.057988835524053955,0.0,0.0731927585542361,0.04825305055079845,-0.06694054532743142,-0.08881869506991334,0.09577489286482203,0.0,0.0,0.0,0.0,0.0,0.0,0.0,0.0,0.0,0.0,0.0,0.0,0.0,0.0,0.0,0.0,0.0,0.0,0.0,0.06965410737742922,0.0,0.0,0.0,0.0,0.0
1491,0.0,0.12670738335625498,0.0,0.0,0.1739953934595493,-0.01768943114113044,-0.04780929328708103,-0.2415376532442273,-0.03148155513261492,0.051535808252271414,-0.0417678903935528,0.0,-0.06313932532291609,0.0,0.0,0.0,0.0,0.0,0.0,0.0,0.0,0.0,0.0,0.0,0.0,0.0,0.0,0.0,0.0,0.0,0.0,0.0,0.0,0.0,0.0,0.0,0.0,0.0,0.038450542595436996
1755,-0.038322437071034846,-0.02843243108502256,0.0,0.0,-0.0386303841140486,0.0,0.04792701831034944,0.0,0.0,-0.1433761616233181,0.0,-0.03934541890464636,-0.03297224222368404,0.0,0.0,0.0,0.048892857225189754,0.0,0.0,0.0,0.0,0.0,0.0,0.0,0.0,0.0,0.0,0.0,0.0,0.0,0.0,0.09866143947123775,0.0,0.0,0.0,0.0,0.2195793759682156,0.0,0.0
214,0.0,0.08118545900471835,0.0,0.0,0.0,0.0,-0.10381029974658823,-0.2427658841586092,0.0,-0.08259748766976878,0.0,-0.08465424022095311,0.0,0.15177896148823777,0.0,0.0,0.0,0.06505412024142236,0.0,0.0,0.0,0.0,0.0,0.0,0.0,0.0,0.0,0.0,0.0,0.0,0.06221644277444126,0.07492584441856731,0.0,0.0,0.0,0.0,0.12944590710134593,0.0,0.0
741,0.0,0.0,0.0,0.05993393712820226,0.0,0.0,-0.15693362828747345,-0.29724004596211856,0.0,-0.04057380847771097,-0.029718306388366936,-0.06678991553162769,0.0,0.15949312449638905,0.0,0.0,0.0,0.0,0.0,0.0,0.0,0.0,0.0,0.0,0.0,0.0,0.0,0.0,0.0,0.0,0.0,0.07558355062175974,0.0,0.07195244278438699,0.0,0.0,0.10127663449497756,0.0,0.0
1712,-0.020585404481170175,0.0,0.0,0.0,0.0,0.08573503721727532,-0.07340477628161059,-0.2611712111787489,-0.04700302887025401,0.06990143649798386,0.06355315873218396,-0.0576184926933648,0.0,0.15760342709028158,0.0,0.0,0.0,0.0,0.0,0.0,0.0,0.0,0.0,0.0,0.0,0.0,0.0,0.0,0.0,0.0,0.0,0.0,0.0,0.07436876638378587,0.0,0.0,0.0,0.0,0.0
2134,0.0,0.0,-0.03124973017958865,0.03652957039619485,0.18805458591627933,0.03008077375112571,0.0,-0.054645941968374585,-0.039247189114860165,-0.17671794188514156,0.03951056242143503,0.0,0.0,0.0,0.0,0.0,0.0,0.0,0.0,0.0,0.0,0.0,0.0,0.0,0.0,0.0,0.0,0.0,0.0,0.0,0.0,0.0,0.024654434647948198,0.0,0.0,0.0,0.0,-0.1593475198384379,0.0
760,0.0,0.0,0.1978709275876631,0.034585802591540114,-0.0668291104701966,0.07237110738574387,0.02222569665060037,-0.16363067073725956,0.0,-0.09668756009492407,0.0,-0.0629887141132069,0.0,0.15642749423197777,0.0,0.0,0.0,0.0,0.0,0.0,0.0,0.0,0.0,0.0,0.0,0.0,0.0,0.0,0.0,0.0,0.0,0.0,0.0,0.0,0.0,0.0,0.0,-0.171092762670001,0.0
1389,0.23708069331264772,-0.03317140081150291,0.09176841351837833,0.0,0.0,-0.02816650350777547,0.20548711110067316,-0.04900956503678446,0.0,-0.1946597646951002,-0.05203038164807237,-0.05231584127046302,0.0,0.0,0.0,0.0,0.0,0.0,0.0,0.0,0.0,0.0,0.0,0.0,0.0,0.0,0.0,0.0,0.0,0.0,0.0,0.0,0.0,0.0,0.0,0.0,0.0,-0.26845769691907784,0.0
1281,0.0,0.0,-0.050928897711366626,0.0795594569847617,0.0,-0.039272165061832405,0.0,-0.23557759845334558,0.0,-0.16712150604072154,-0.04941282106518032,0.0,-0.029236117366253273,0.0,0.0,0.0,0.0,0.0,0.09173837249149067,0.04724827180181643,0.0,0.0,0.0,0.0,0.0,0.0,0.0,0.0,0.0,0.0,0.0,0.0,0.0,0.0,0.18393357808241473,0.0,0.0,0.0,0.0
1857,0.0,0.0,0.0,0.0,-0.04536876330005157,0.0,0.0,-0.08528192110595566,0.4612429118009452,-0.09275495055209368,-0.06327610818263694,-0.0454288024094225,0.0,0.17926958207832064,0.0,0.0,0.0,0.0,0.0,0.0,0.0,-0.14233965014586378,0.0,0.0,0.0,0.10257861291012321,0.0,0.0,0.0,0.0,0.0,0.0,0.0,0.0,0.0,0.0,0.0,-0.11923168297841985,0.0
1152,0.0,-0.025328209334742086,0.10762772369742173,0.04938792546965954,0.0,0.07007239150459006,-0.058776347234528,0.0,-0.032673027960641206,0.0,-0.0161322241722984,0.042798094883190266,-0.11040678058761028,0.14377223980866463,0.0,0.0,0.0,0.0,0.0,0.0,0.0,0.0,0.0,0.0,0.0,0.0,0.0,0.0,0.0,0.0,0.0,0.0,0.0,0.0,0.0,0.0,0.0,0.0,0.0
559,0.0,0.0,0.11533995659524918,0.0,0.09191641526105067,0.07601747612909529,-0.03130049529381168,-0.1640786633140636,-0.044423958358218774,0.03340951736163292,0.0,0.06811360900101668,0.0,0.0,0.0,0.0,0.0,0.0,0.0,0.0,0.026374345159352615,0.0,0.0,0.0,0.0,0.0,0.0,0.0,0.0,0.0,0.0,0.0,0.0,0.0,0.0,0.0,0.0,-0.13536893013345025,0.0
1291,-0.030393576807802077,0.13013425007350488,0.09469661031367274,0.0,-0.03670369498250287,0.0,0.23421617003276848,0.0,-0.04478243512000144,-0.055526695456031366,-0.03389320710625299,-0.021324519180165515,0.0,0.0,0.0,0.0,0.0,0.0,0.0,0.0,0.0,0.0,0.0,0.0,0.0,0.0,0.0,0.0,0.0,0.0,0.0,0.0,0.0,0.0,0.0,0.0,0.0,-0.2133962491013385,0.0
1596,0.0,0.0,0.22554074120859346,0.058349554679041155,0.0,0.05225477193805049,0.0,-0.16952486717979906,-0.0819559786085276,0.03365934907166362,0.05214818648997315,0.0,-0.11027175561510939,0.13671499745445906,0.0,0.0,0.0,0.0,0.0,0.0,0.0,0.0,0.0,0.0,0.0,0.0,0.0,0.0,0.0,0.0,0.0,0.0,0.0,0.0,0.0,0.0,0.0,-0.1278596315851893,0.0
1549,0.31296923538015453,-0.033935301302264215,0.05984018205512139,0.0,0.0,-0.0420337771118586,-0.08619095478131154,-0.22828600626036238,-0.03842793005520567,0.042578940942419374,0.0,0.0,0.0,0.1350048365443758,0.0,0.0,0.0,0.0,0.04815308174507917,0.0,0.0,0.0,0.0,0.0,0.0,0.0,0.0,0.0,0.0,0.0,0.0,0.0,0.0,0.0,0.0,0.0,0.0,0.0,0.0
784,0.16830349193830849,-0.04277713984965916,0.08231116079640786,0.024926494287303515,-0.03203728884214501,-0.03726713845649923,0.0,-0.021763334939701076,0.0,-0.1533279482895971,0.03622092123280661,0.0,0.0,0.0,0.0,0.0,0.0,0.0,0.0,0.03534924276656469,0.0,0.0,0.0,0.0,0.0,0.0,0.0,0.0,0.0,0.0,0.0,0.0,0.0,0.0,0.0,0.0,0.0,0.0,0.0
137,0.0,0.0,0.09833899625342847,0.0,0.0,0.0,0.0,0.037382573458241024,0.0,-0.1495620041819781,-0.06942456275453614,-0.08641457433925138,0.026328886213833336,0.0,0.0,0.0,0.08084731018513752,0.1121327720670809,0.0,0.0,0.0,0.0,0.0,0.0,0.0,0.0,0.0,0.0,0.0,0.0,0.0,0.0,0.0,0.0,0.0,0.0,0.0,-0.20326096492114673,0.037709701855848994
1228,0.0,-0.0314374859319378,-0.02138204797989101,0.0,0.09626056109602336,0.0,0.03266231238871846,-0.059429571010663124,-0.031457305930777654,-0.18485378360184213,0.0,0.0,-0.0374648296348905,0.0,0.0,0.0,0.0,0.0,0.0873492982401118,0.03471836401016448,0.0,0.0,0.0,0.0,0.0,0.0,0.0,0.0,0.0,0.0,0.0,0.0,0.0,0.0,0.0,0.0,0.0,0.0,0.0
283,0.0,0.0,0.06549396358230128,0.11484028556558983,0.0,0.0,0.0,-0.2092522622466707,-0.0390280249489031,0.06266581787982353,-0.0327889875197376,0.0,0.0,0.17113428390347524,0.0,0.0,0.0,0.0,0.0,0.022151786105155724,0.0,0.0,0.0,0.0,0.0,0.0,0.0,0.0,0.0,0.0,0.0,0.0,0.0,0.0,0.0,0.0,0.0,-0.0768458666571537,0.02655288903027778
365,0.0,0.0,0.07938754921369201,0.0,0.1202958450587781,0.0,0.0,-0.06754447611516955,-0.04134509099155549,0.22365237976517668,-0.06983373748482437,-0.09137381016962605,0.0,0.0,0.0,0.0,0.05470754236327178,0.0,0.0,0.021132001799086843,0.0,0.0,0.0,0.0,0.0,0.0,0.0,0.0,0.0,0.0,0.0,0.0,0.0,0.0,0.0,0.0,0.0,-0.19034236465341467,0.0
1986,0.23838349251072483,0.0,0.0,0.0,0.0,0.0,0.0,0.0,-0.03774749744288345,-0.20153226156008341,-0.09918368476631888,-0.06274185404049633,-0.03470384639640325,0.0,0.0,0.0,0.0,0.0,0.051092876657961,0.0,0.0,-0.21805255281398703,0.0,0.0,0.0,0.0,0.0,0.0,0.0,0.0,0.10679882295478021,0.0,0.0,0.0,0.0,0.0,0.17454492296984017,0.0,0.0
1294,0.22163808976358365,0.11019172206833523,0.09949175501589845,0.04202231783718204,-0.07173713305686454,0.0,0.06378961588423021,-0.05640726397086271,0.0,-0.22590944876535785,0.0,0.0,-0.06825650758479737,0.0,0.0,0.0,0.0,0.0,0.0,0.035564023810643476,0.0,0.0,0.0,0.0,0.0,0.0,0.0,0.0,0.0,0.0,0.0,0.0,0.0,0.0,0.0,0.0,0.0,0.0,0.0
1765,0.0,0.05780768543151865,0.0,0.0,0.0,0.03958617211084923,0.0,0.10821423064149668,-0.06673752553157278,0.1250931476324683,-0.047135522106276,0.04899351942880897,-0.0864717799881489,0.0,0.0,0.0,0.0,0.0,0.0,0.05740312972900663,0.0,0.0,0.0,0.0,0.0,0.0,0.0,0.0,0.0,0.0,0.0,0.0,0.0,0.0,0.0,0.0,0.0,-0.18058066185638155,0.0
982,0.0,0.12878419532019927,0.0,0.0493290833915818,-0.015771504872514136,0.0,0.0,-0.0392606276010659,0.0,-0.029171533388861567,-0.08779846201530285,-0.03997994008275841,0.05888612243786886,0.15658567199915915,0.0,0.0,0.0,0.0,0.0,0.0,0.0,0.0,0.0,0.0,0.0,0.0,0.0,0.0,0.0,0.0,0.0,0.0,0.0,0.0,0.0,0.0,0.0,-0.14005313433974512,0.0
402,0.2581297414611006,0.0,0.0,0.0,-0.0383003585652585,0.014300411462574587,0.019334633993500244,-0.19868006051435064,0.024114105800342844,-0.2040877350967437,0.06240159579892141,0.0,0.0,0.0,0.0,0.0,0.0,0.0,0.057723385971633616,0.050858587762529946,0.0,0.0,0.0,0.0,0.0,0.0,0.0,0.0,0.0,0.0,0.0,0.0,0.0,0.0,0.0,0.0,0.0,0.0,0.0
1376,0.0,0.0,0.07055773227509547,0.06974514838744167,0.0,0.0,0.0,0.0,0.0,-0.11542332593338794,0.08154584687870295,0.0,0.11792714684733636,0.0,0.0,0.0,0.04658887099176427,0.0,0.08486979672900165,0.0,0.0,-0.14799366776250944,0.0,0.05062615943811315,0.0,0.0,0.0,0.0,0.0,0.0,0.0,0.0,0.0,0.0,0.0,0.0,0.0,-0.16009310234685226,0.0
650,0.0,0.057354187830992436,0.15298668604928053,0.0,-0.024334161999188517,-0.05844383902564149,0.0,-0.020297566798035748,-0.019369318977589086,0.0,-0.08447397132977347,-0.06934630707085071,0.0,0.15395230294254036,0.0,0.0,0.0,0.0,0.0,0.0,0.0,0.0,0.0,0.0,0.0,0.0,0.0,0.0,0.0,0.0,0.0,0.0,0.0,0.0,0.0,0.0,0.0,-0.18242384427172684,0.0
1970,-0.03752824111738701,0.0,0.11125133518948922,0.0,-0.06572670938204143,0.0,-0.08929197354435771,-0.2752007033097164,0.0,0.05510334159562517,-0.03912759646161697,0.06605608596908788,0.0,0.0,0.0,0.0,0.0,0.0,0.0,0.0,0.0,0.0,0.01768982373586242,0.0,0.0,0.0,0.0,0.0,0.08049241203125562,0.0,0.0,0.0,0.0,0.0,0.0,0.0,0.0,0.0,0.0
2109,0.0,0.0,0.0,0.0,0.0,0.0,-0.0637622311476414,-0.2648997201695327,0.0,-0.09193116149741762,0.0,0.07535233649680839,0.1003814551816814,0.0,0.0,0.0,0.0,0.0,0.0,0.0,0.0,-0.1616770294884222,0.0,0.0,0.0,0.0,0.0,0.0,0.0,0.0,0.0934512276411922,0.08079607165345204,0.0,0.0,0.0,0.0,0.1668854762039311,-0.08355336132175156,0.0
1982,0.15706329776970832,0.0,0.0,0.0,0.0,0.0,0.0,0.0,-0.04409860496242651,-0.17455304120922976,-0.0712427622631386,0.0,0.04667803167341951,0.0,0.0,0.0,0.051338584136602916,0.06850779642697633,0.0,0.0,0.0,0.0,0.0,0.0,0.0,0.0,0.0,0.0,0.0,0.0,0.0,0.08487187458216161,0.0,0.0,0.0,0.0,0.2247077758318774,-0.15853889985376313,0.0
1200,0.4723857175145523,-0.03466521989836593,-0.029933560557622245,0.0,0.0,0.0,0.1745847036352788,0.0,-0.04864116132120795,-0.24990972896766844,0.0,-0.06965353449775458,-0.04025576496408594,0.0,0.0,0.0,0.0,0.0,0.0,0.047340361056496465,0.0,0.0,0.0,0.0,0.0,0.0,0.0,0.0,0.0,0.0,0.0,0.0,0.0,0.0,0.0,0.0,0.0,-0.22381797459885105,0.0
579,0.0,0.0,0.0,0.039110032182806675,-0.07229056428631515,0.0,0.0,-0.07934669430515211,0.0713748213148057,0.0693807600667548,-0.07666663162615427,0.054116901871715264,0.0,0.1926310867850839,0.0,0.0,0.0,0.0,0.0,0.0,0.0,0.0,0.0,0.0,0.0,0.0,0.0,0.0,0.09868301808844655,0.0,0.0,0.0,0.0,0.0,0.0,0.0,0.0,-0.13009950782146584,0.0
944,0.1422494016020288,0.045412985436615844,0.0,0.0,-0.04969302970845391,0.0,-0.05627389036727883,-0.2365938621483868,0.0,-0.08550451228321539,0.05579876917517128,0.0,-0.09055774595640033,0.21604642545509667,0.0,0.0,0.0,0.0,0.0,0.08376302383956506,0.0,0.0,0.0,0.0,0.0,0.0,0.0,0.0,0.0,0.0,0.0,0.0,0.0,0.0,0.0,0.0,0.0,0.0,0.0
1768,0.24712968159124582,0.0,0.0,0.0,0.0,0.0,0.0,0.07776521854223986,0.0,-0.11644810092258961,0.07918348951013257,0.0,0.08761472227861773,0.0,0.0,0.0,0.0,0.0,0.0,0.03460296497333959,0.0,-0.2219310280617605,0.0,0.0,0.0,0.0,0.0,0.0,0.0,0.0,0.07936465733187605,0.0,0.0,0.0,0.10658169111503088,0.0,0.0,-0.19122683984094788,0.0
1510,0.0,0.0,0.0,0.03564032852525698,-0.03557807825346711,0.0,0.17022749898032774,0.08079139930528578,-0.04656481304764653,-0.09007458990603455,0.14528611133796768,0.036345725211843885,-0.07376598152726663,0.0,0.0,0.0,0.0,0.0,0.0,0.0,0.0,0.0,0.0,0.0,0.0,0.0,0.0,0.0,0.0,0.0,0.0,0.0,0.0,0.0,0.0,0.0,0.0,-0.219935854463373,0.0
1538,0.0,-0.0424424423187785,0.0,0.0,0.0,-0.047564132476318605,-0.13416724429082816,-0.3064767892647878,0.061593308607249944,0.13639515610310432,-0.04287496318951499,0.04690211623848405,0.0,0.0,0.0,0.0,0.0,0.0,0.0,0.0,0.0,0.0,0.0,0.0,0.0,0.0,0.0,0.0,0.0,0.0,0.09152317960848282,0.0,0.0,0.0,0.0,0.0,0.11845991023721038,0.0,0.0
172,0.29974240835817384,0.0,-0.024042113079480773,0.0,0.0,0.0,-0.059934396726340204,-0.05851598116494677,0.0,-0.13886145642610512,0.0,-0.040980189421384615,0.0,0.0,0.0,0.0,0.0,0.0,0.0,0.0,-0.053106632611026966,-0.2691191221557114,0.0,0.0,0.0,0.0,0.0,0.0,0.0,0.0,0.0,0.0,0.0,0.0,0.09860257756358508,0.0,0.15013806923652098,0.0,0.0
2055,0.2794703849075246,0.0,0.0490675382358247,0.0,-0.03872382120939103,0.0,-0.06671735750263853,-0.08216674701179055,0.0,0.11932545112810683,0.0,0.0,-0.06946427180541917,0.0,0.0,0.0,0.0,0.0,0.0,0.06851983691267542,-0.043171300827458466,-0.2540660438940445,0.0,0.0,0.0,0.0,0.0,0.0,0.0,0.0,0.0,0.0,0.0,0.0,0.0,0.0,0.0,0.0,0.0
1315,0.4102049546516724,-0.02649424940950173,0.0,0.038210573780032835,-0.028406253474615,0.0,0.0,0.0,-0.035996107899480094,-0.21951039449718343,0.0,-0.03768322305171771,0.0,0.0,0.0,0.0,0.05182049895797627,0.0,0.06774093106309292,0.0,0.0,-0.21732458882422276,0.0,0.0,0.0,0.0,0.0,0.0,0.0,0.0,0.0,0.0,0.0,0.0,0.0,0.0,0.0,0.0,0.0
1925,0.031906886028704534,0.0,0.09668361139870756,0.0,0.05062046574016078,0.0,0.0,-0.0904364204437203,0.0,0.09553844642555402,-0.0724761592590118,-0.07832461985488293,0.0,0.0,0.0,0.0,0.040688905252997384,0.07163153124592495,0.0,0.0,0.0,0.0,0.0,0.0,0.0,0.0,0.0,0.0,0.0,0.0,0.0,0.0,0.0,0.0,0.0,0.0,0.0,-0.17705173918586617,0.0
337,0.0,0.0,0.0,0.0,-0.04498674080992268,0.0,-0.11810382400833559,-0.22000627964332925,0.08845522033903758,0.044070208604528004,-0.06014468094355573,0.0,0.0,0.13811483498785024,0.0,0.0,0.0,0.0,0.042020439794510304,0.0,0.0,0.0,0.0,0.0,0.0,0.0,0.0,0.0,0.0,0.0,0.08144805699710747,0.0,0.0,0.0,0.0,0.0,0.12073449162126323,0.0,0.0
455,0.0,-0.04045683443921824,0.07457171248520558,0.0,0.0,-0.04453776029305197,0.0,-0.16475841596940907,0.0,-0.102801855368915,0.1046393985307173,-0.08991583112552937,0.0,0.14326260315561481,0.0,0.0,0.05854323066693365,0.07766088413065333,0.0,0.0,0.0,0.0,0.0,0.0,0.0,0.0,0.0,0.0,0.0,0.0,0.0,0.0,0.0,0.0,0.0,0.0,0.0,0.0,0.0
1885,0.022504303168846152,-0.017061174178198683,0.2985253694304308,0.023042265074813214,-0.04894654730476537,0.08717384322311317,0.0,0.0,0.0,-0.153223414468707,-0.043754818878310085,-0.04237414392800397,-0.10226957649061716,0.0,0.0,0.0,0.0,0.0,0.0,0.0,0.0,0.0,0.0,0.0,0.0,0.0,0.0,0.0,0.0,0.0,0.0,0.0,0.0,0.0,0.0,0.0,0.0,0.0,0.0
589,0.0,0.026084164449722988,0.02317291711464279,0.0,0.05209877037215706,-0.049128758243765544,0.02212711820583534,-0.028357687603126465,0.09298308204683269,-0.055037281899332664,0.07232340132596861,-0.021964231526807793,0.0,0.0,0.0,0.0,0.0,0.0,0.0,0.0,0.0,0.0,0.0,0.0,0.0,0.0,0.0,0.0,0.0,0.0,0.0,0.0,0.0,0.0,0.0,0.0,0.0,0.0,0.0
2154,0.24722115830387437,0.0,0.0,0.0,0.0,0.0,-0.1035982680729721,-0.25687975078820546,0.0,0.054648266407169126,0.0,0.041078685027833434,0.07524923480002428,0.0,0.0,0.0,0.0,0.0,0.0,0.03691921126773309,0.0,0.0,0.0,0.0,0.0,0.0,0.0,0.0,0.08375612074240661,0.0,0.0,0.0,0.0,0.0,0.0,0.0,0.14263609220296203,-0.13917340385676627,0.0
978,-0.015440643260813049,-0.017090354348307073,0.11759627223623807,0.02759038262191172,0.08074837496913465,0.01798276132867531,-0.06973560811931265,-0.25969570044045537,0.0,0.12765535093516306,0.0,0.02328263420692543,0.0,0.0,0.0,0.0,0.0,0.0,0.0,0.0,0.0,0.0,0.0,0.0,0.0,0.0,0.0,0.0,0.0,0.0,0.0,0.0,0.0,0.0,0.0,0.0,0.0,0.0,0.0
691,0.2902189881002241,0.0790991176758503,-0.046174638338130264,0.0,0.0,0.0,-0.17279496348475304,-0.3235215819896842,0.0,-0.15439183782937566,0.0,0.0,0.0,0.0,0.0,0.0,0.0,0.0,0.0,0.0,-0.047827416848674725,0.0,0.0,0.0,0.0,0.0,0.0,0.0,0.0,0.0,0.0750980707007307,0.0,0.0,0.05239159331875106,0.0,0.0,0.09662062547784199,0.0,0.0
1598,0.0,0.03168024916307993,0.0,0.0,-0.04633954273037731,0.05873157431749029,-0.025879207664123924,0.0,0.04057163476186336,-0.06258479676479288,0.06629111064467434,0.05534815290470812,0.0,0.0,0.0,0.0,0.0,0.0,0.0,0.0,0.0,0.0,0.02103106314035099,0.0,0.0,0.0,0.0,0.0,0.0,0.0,0.0,0.0,0.0,0.0,0.0,0.0,0.0,-0.1671117407237282,0.0
1340,0.0,0.0,0.0,0.0,0.0620038226110958,0.0,0.17748277115308153,0.0,0.0,-0.15406542997176736,0.0,-0.06573753357672218,-0.06831188326821143,0.19176580486535452,0.0,0.0,0.04052700661431086,0.06974886802918083,0.0,0.0,0.0,0.0,0.0,0.0,0.0,0.0,0.0,0.0,0.0,0.0,0.0,0.0,0.0,0.06318240937929744,0.0,0.0,0.0,-0.17531673899829261,0.0
558,0.0,-0.016586821975140345,0.2634969204334089,0.033928242839204335,0.0,-0.018602846986475772,-0.0926907635872872,-0.20715489164702539,-0.015470736200922928,0.0,0.0,-0.017258007343712252,-0.08111639707871668,0.16837566558137443,0.0,0.0,0.0,0.0,0.0,0.0,0.0,0.0,0.0,0.0,0.0,0.0,0.0,0.0,0.0,0.0,0.0,0.0,0.0,0.0,0.0,0.0,0.0,0.0,0.0
2228,0.0,0.0,0.10402963106425805,0.0,-0.03700738498947861,0.0,-0.10108246555750847,-0.04638981956864947,0.0,-0.15943146544482273,-0.033389380347821615,-0.03020799268615099,-0.01814209160243117,0.0,0.0,0.0,0.0,0.0,0.0,0.0,0.0,0.0,0.0,0.0,0.0,0.0,0.0,0.0,0.0,0.0,0.0,0.09223828206337943,0.0,0.0,0.0,0.0,0.22946350156308332,0.0,0.0
1715,0.0,-0.03225385722431451,0.0,0.0,0.0,0.0,0.0,-0.21281850613533176,0.0,0.0,-0.04320799155246229,0.045084306464659094,-0.06039808805200942,0.0,0.0,0.0,0.0,0.0,0.051554387241733876,0.0,0.0,0.0,0.0,0.0,0.0,0.0,0.0,0.0,0.06690972695913304,0.0,0.0,0.06776957309173427,0.0,0.0,0.10584587361334942,0.0,0.14414943609242784,0.0,0.0
2058,-0.026068772021191604,-0.015131142540124404,0.0,0.0,-0.0619922412836568,0.0,0.0,0.3610214419636388,-0.02641959090280336,0.2207514167081335,-0.026199300950550425,0.0,-0.09137305662391164,0.0,0.0,0.0,0.0,0.0,0.0,0.06064170241589321,0.0,-0.22083741255328465,0.0,0.0,0.0,0.0,0.0,0.0,0.0,0.0,0.0,0.0,0.0,0.0,0.0,0.0,0.0,0.0,0.0
1356,-0.026125637192486853,-0.04765135671644962,0.0,0.0,0.0,0.043888416055026566,0.41847392328248423,0.08400671484331802,-0.06636027318831549,-0.1734313715300649,-0.029018920336153733,0.0,-0.05033806854085827,0.0,0.0,0.0,0.0,0.0,0.0,0.0,0.0,0.0,0.0,0.0,-0.005898623088629207,0.0,0.0,0.0,0.0,0.0,0.0,0.0,0.0,0.0,0.0,0.0,0.0,0.0,0.0
119,0.10129312227612237,0.0,0.0,0.040018960221683414,0.054408682325255746,0.0,-0.06593263005166901,-0.09194308364874754,0.0,0.11835269404973231,0.0,-0.06713533852558919,0.0,0.0,0.0,0.0,0.0,0.0,0.0,0.0,0.0,-0.2793619275172962,0.0,0.0,0.0,0.0,0.0,0.0,0.0,0.0,0.0,0.07217473099176483,0.0,0.0686736179001431,0.0,0.0,0.0,0.0,0.0
771,0.0,0.0,0.20633628580392727,0.0,0.053866261741787096,-0.10914973149057024,0.0,-0.23776485710731474,0.0,0.06976787365582066,0.0437811518952229,-0.06485785229394882,-0.07923096268657945,0.10506207344850334,0.0,0.0,0.051890581029144144,0.0,0.0,0.0,0.0,0.0,0.0,0.0,0.0,0.0,0.0,0.0,0.0,0.0,0.0,0.0,0.0,0.0,0.0,0.0,0.0,0.0,0.0
1410,0.015681202255637877,0.0,0.0,0.0,0.0,-0.06188151051545869,0.0,-0.21097435460448163,0.0,-0.10635642812307138,0.0,0.049942475524011494,0.07917374030068891,0.0,0.0,0.0,0.0,0.0,0.06302528926206055,0.0,0.0,0.0,0.0,0.0,0.0,0.0,0.0,0.0,0.0,0.0,0.0,0.0865149442249704,0.018536445094135566,0.0,0.0,0.0,0.20562495341260362,0.0,0.0
588,0.0,-0.03996983229517646,0.0,0.0,0.11601409970789892,0.0,-0.03810166834577522,-0.2054580026540573,0.0,-0.07379535171935656,0.0,-0.06197435256998776,0.0,0.13323081887065227,0.0,0.0,0.0,0.0,0.060952723057792674,0.0,0.0,0.0,0.0,0.0,0.0,0.0,0.0,0.0,0.0,0.0,0.07344542427432402,0.0,0.0,0.0,0.0,0.0,0.12282012942725891,0.0,0.0
1,0.37110779721584053,0.0,0.0,0.048682073982411284,0.0,0.05961987845035861,-0.0664536726878974,-0.2618727925838244,-0.0298905684168009,0.09306452541010857,-0.10266846723097983,-0.05190507903273898,0.0,0.0,0.0,0.0,0.0,0.0,0.0,0.0,0.0,0.0,0.0,0.0,0.0,0.0,0.0,0.0,0.0,0.0,0.0,0.0,0.0,0.0,0.0,0.0,0.0,-0.17745611637990116,0.0
1368,0.356542663027284,0.0,0.0,0.0,0.0,-0.09183827358912647,-0.08865598865669934,-0.2515930688983975,0.0,-0.14070253389611034,0.0,-0.07378071644115393,0.03399380822156311,0.17200622797140278,0.0,0.0,0.0,0.0,0.06787148396445312,0.0,0.0,0.0,0.03126239358927093,0.0,0.0,0.0,0.0,0.0,0.0,0.0,0.0,0.0,0.0,0.0,0.0,0.0,0.0,0.0,0.0
1675,0.0,0.0,0.0,0.0,0.0,0.05370056582856807,0.14493485438833287,0.3693320977257457,-0.051398473031323444,-0.0795355297104714,0.0,0.072958886944478,-0.09462233467352758,0.0,0.0,0.0,0.0,0.0,0.0,0.0,0.0,-0.22774717754318308,0.0,0.0,0.0,0.0,0.0,0.0,0.10991278463609122,0.0,0.0,0.0,0.0,0.0,0.0,0.0,0.0,-0.14842024314841648,0.0
1883,0.33619471356934627,0.0,0.0,0.0,0.0,0.0,-0.08453286116948407,-0.19886248581117807,0.08995686658932901,-0.1320927230904051,0.0,0.0,0.0,0.0,0.0,0.0,0.03045758461039593,0.05711604264679531,0.0,0.0,0.0,-0.25251375236768175,0.0,0.0,0.0,0.0,0.0,0.0,0.0,0.0,0.0,0.0,0.0,0.0,0.07774308964523026,0.0,0.10692418384108945,0.0,0.0
866,0.0493416951164733,0.0,0.09810422761175173,0.0,0.0,0.0,-0.03442790063688738,-0.17608696179393007,0.0,-0.01748536396866971,0.0,-0.014678828492525435,-0.05520047436967214,0.2903032034309376,0.0,0.0,0.0,0.0,0.0,0.06962024526073617,0.0,-0.17737720444103927,0.0,0.0,0.0,0.0,0.0,0.0,0.0,0.0,0.0,0.0,0.0,0.0,0.0,0.0,0.0,0.0,0.0
1058,0.037245457457507784,-0.03375368063526058,0.0,0.04410765072926186,0.08380240475171528,-0.03436186339943202,-0.0716359815616095,-0.2735287183778836,0.0,-0.12089105545423791,0.0,0.07716705642466568,0.0,0.2086762540148821,0.0,0.0,0.0,0.0,0.0,0.0,0.0,0.0,0.0,0.0,0.0,0.0,0.0,0.0,0.0,0.0,0.0,0.0,0.0,0.0,0.0,0.0,0.0,0.0,0.0
947,0.0,0.0,0.09150493769417405,0.0,0.05273228705378366,-0.03847850290491504,0.053428959469260226,0.0,0.0,-0.07341086536963934,-0.10562790369860965,-0.11829850059580596,0.03398761952645152,0.1263447254072633,0.0,0.0,0.0,0.0,0.0,0.0,0.0,0.0,0.0,0.0,0.0,0.0,0.0,0.0,0.0,0.0,0.0,0.0,0.0,0.0,0.0,0.0,0.0,-0.1839200596940911,0.0
2124,0.30910684162435154,0.0,0.057299203179018765,0.0,0.05341367508548849,0.0,-0.13204468591658683,-0.26030636787101935,0.0,-0.13872585280100636,-0.07977769973485671,0.0,0.0,0.0,0.0,0.0,0.0,0.0,0.0,0.03902031497223521,0.0,0.0,0.0,0.0,0.0,0.0,0.0,0.0,0.0,0.0,0.0,0.0884762251751845,0.0,0.0,0.0,0.0,0.11886890451802351,0.0,0.0
1056,0.2846762118622303,0.0,-0.02483227225387741,0.0,0.0,-0.02851837793904594,-0.09382292448613203,-0.1446361937065764,0.0,-0.14237123895418258,0.0,-0.07195519505396297,-0.02545711787131142,0.23739680897968451,0.0,0.0,0.0,0.0,0.0,0.0,-0.03007684258387407,0.0,0.0,0.0,0.0,0.0,0.0,0.0,0.0,0.0,0.0,0.0,0.0,0.0,0.0,0.0,0.0,0.0,0.0
1692,0.34075991486337226,-0.03540711228561518,-0.01740630698332779,0.0,0.07572180027345682,-0.025275373543189147,-0.05234022278935512,-0.029670239570203937,-0.04321586504587747,-0.20137343955614276,0.0,0.0,0.0,0.0,0.0,0.0,0.0,0.0,0.0,0.0,-0.030866174880493494,0.0,0.0,0.0,0.0,0.0,0.0,0.0,0.0,0.0,0.0,0.0,0.0,0.0,0.0,0.0,0.0,0.0,0.0
1651,0.3474939873554034,0.0,0.0,0.04576457628916422,-0.08217556845679067,0.0,-0.14699138796514882,-0.27418748171873014,0.0,0.05084739255711854,-0.10747930503872367,0.0,-0.10215135039698776,0.0,0.0,0.0,0.0,0.0,0.0,0.0,0.0,0.0,0.0,0.0,0.0,0.0,0.0,0.0,0.0,0.0,0.0,0.09122728557559556,0.0,0.0,0.0,0.0,0.10619596977936542,0.0,0.0
1118,0.0,0.04303172191925269,0.1480709722329799,0.0,0.0,0.0,0.0,0.10754259086521022,0.0,0.09889906624302225,0.0,0.03457990250638632,-0.09327122424100924,0.14113485831773637,0.0,0.0,0.0,0.0,0.0,0.03589775456215311,0.0,-0.21484917293707562,0.0,0.0,0.0,0.0,0.0,0.0,0.0,0.0,0.0,0.0,0.0,0.0,0.0,0.0,0.0,-0.15860682835180848,0.0
934,0.0,-0.04551884204787793,0.0,0.0,0.11116737229241362,0.0,-0.0903693718846955,-0.22098729378701787,0.0,0.04108478742938763,0.0,0.0,-0.07593118743657132,0.11655891897433979,0.0,0.0,0.0,0.0,0.0,0.0,0.0,0.0,0.0,0.0,0.0,0.0,0.0,0.0,0.0,0.0,0.0,0.06499977806970075,0.0,0.0,0.1011898770406822,0.0,0.09845001058929093,0.0,0.0
1180,0.0,0.0,0.11443683391255033,0.0,0.0,0.0,-0.10263744213882947,-0.1667629067360392,0.0,0.0,-0.05819684493567047,0.0,-0.06365921592792116,0.08427975481465877,0.0,0.0,0.0,0.0,0.0,0.0,0.0,0.0,0.0,0.0,0.0,0.0,0.0,0.0,0.0,0.0,0.0,0.08024006643760508,0.0,0.07293412302361822,0.0,0.0,0.14824501667263057,-0.13199698337409152,0.0
715,0.0,0.0,0.21138611390019804,0.0,0.11835266555712941,0.0,-0.07747770466550773,-0.1744824961097161,-0.03468839446415026,0.0,-0.025371670793046114,-0.03972194756846213,-0.08783951013286742,0.14025669904380653,0.0,0.0,0.05383154556776998,0.0,0.0,0.0,0.0,0.0,0.0,0.0,0.0,0.0,0.0,0.0,0.0,0.0,0.0,0.0,0.0,0.0,0.0,0.0,0.0,0.0,0.0
825,0.05486971323224317,0.0,0.10705935749598353,0.038666745960438,0.0,0.0,0.026739281622204486,-0.17568058904421113,0.0,-0.0608627416573241,0.0,0.0,0.10559620986450746,0.0,0.0,0.0,0.0788705943893888,0.11393242584975592,0.0,0.0,0.0,0.0,0.0,0.0,0.0,0.0,0.0,0.0,0.0,0.0,0.0,0.0,0.0,0.0,0.0,0.0,0.0,-0.12193014317290236,0.0
2003,0.0,0.0,0.10806104907917456,0.020456866960478548,-0.06886172215793374,0.0,-0.049677724968261124,-0.03561242975853509,0.0,0.08685882107089483,0.03772995945940865,0.042227486350778186,-0.09216980324667365,0.0,0.0,0.0,0.0,0.0,0.0,0.04107337287518855,0.0,0.0,0.0,0.0,0.0,0.0,0.0,0.0,0.0,0.0,0.0,0.0,0.0,0.0,0.0,0.0,0.0,0.0,0.0
217,0.0,0.0,0.2482120268191129,0.0,-0.0690468123293559,0.0,-0.03201827072377508,-0.16062728922396607,-0.049016881126975304,-0.020647279433267884,-0.03853696409945809,0.0,-0.07921872334767983,0.15826603814368614,0.0,0.0,0.0,0.0,0.0,0.0,0.0,0.0,0.0,0.0,0.0,0.0,0.0,0.0,0.0,0.0,0.0,0.0,0.0,0.0,0.0,0.0,0.0,-0.13449805547661867,0.0
1477,0.0,0.0,0.05957965955809678,0.0,0.03930934850305185,0.0,-0.05999526220100243,0.0,0.0,0.04292217943109898,0.0,-0.06953102979554397,0.0,0.1314840270304998,0.0,0.0,0.0,0.0,0.0,0.03654667920009394,0.0,-0.25184055265657557,0.0,0.0,0.0,0.0,0.0,0.0,0.0,0.0,0.09578132876654236,0.07248113182661199,0.0,0.0,0.0,0.0,0.0,0.0,0.0
378,0.0,0.0,0.1378733460216103,0.04764814070651076,0.1110517219429546,0.04570218574126373,-0.08863125039696995,-0.25444735960266,0.0,-0.03005971108405886,-0.04821100341561922,0.049247926105512124,-0.13613434012228948,0.0,0.0,0.0,0.0,0.0,0.0,0.0,0.0,0.0,0.0,0.0,0.0,0.0,0.0,0.0,0.0,0.0,0.0,0.0,0.0,0.0,0.0,0.0,0.0,0.0,0.0
1826,-0.034291228307236764,-0.035563930914203394,0.2555621595872623,0.017304869760299903,0.0,0.0,-0.08473155362058024,-0.28109018081958004,0.08326968568058414,0.061552997835931156,0.0,0.014630336265198721,0.018424003699136993,0.0,0.0,0.0,0.0,0.0,0.0,0.0,0.0,0.0,0.0,0.0,0.0,0.0,0.0,0.0,0.0,0.0,0.0,0.0,0.0,0.0,0.0,0.0,0.0,0.0,0.0
1001,0.03562881077809911,0.0,0.09639511897124126,0.0,0.0,0.0,0.0,0.20269979392397638,0.0,-0.10496193374644969,-0.0947047305186852,-0.09681232459344682,0.029097493650068917,0.11728490564964814,0.0,0.0,0.0,0.0,0.0,0.0,0.0,0.0,0.0,0.0,0.0,0.0,0.0,0.0,0.0,0.0,0.0,0.0,0.0,0.0,0.0,0.0,0.0,-0.22729732244285186,0.02427214828304705
1329,0.0,0.0,0.11766715810326485,0.0,-0.06780312890923035,0.0,0.12473109368309392,0.04967546841971565,-0.06285253805739416,0.06069162627073415,0.0,0.0,-0.11249684841322524,0.11873710480625643,0.0,0.0,0.0,0.0,0.0,0.0,0.0,0.0,0.0,0.0,0.0,0.12703230328343829,0.0,0.0,0.0,0.0,0.0,0.0,0.0,0.0,0.0,0.0,0.0,-0.19761286075434753,0.0
1682,0.0,-0.026774795770751054,0.0,0.0,0.08790818233074361,0.08337662226944378,0.0,-0.2657910854309496,0.0,0.08065269647675968,-0.04324594387233386,0.05598474568248726,-0.021639096059614615,0.0,0.0,0.0,0.0,0.0,0.0,0.0,0.0,0.0,0.0,0.0,0.0,0.0,0.0,0.0,0.0,0.0,0.0,0.0,0.0,0.08287025853194688,0.0,0.0,0.0,-0.14977414747451293,0.0
132,0.0,0.0,0.10196033957045463,0.0,-0.052695130730327,0.0,-0.048834027129558914,0.0,-0.08578596528119013,0.04818905406751337,0.0,0.08307845498236194,-0.10066245725418838,0.14616897326658626,0.0,0.0,0.046360375819667524,0.0,0.0,0.0,0.0,-0.22920325305421121,0.0,0.0,0.0,0.0,0.0,0.0,0.0,0.0,0.0,0.0,0.0,0.0,0.0,0.0,0.0,0.0,0.0
1723,0.02156328208123108,0.0,0.11122979459144772,0.036312509391366814,-0.07835190476432868,0.07644362167346605,0.0,-0.02579348622068929,0.0,-0.13758917822179437,-0.03788646987164592,0.0,-0.07538458414913934,0.0,0.0,0.0,0.0,0.0,0.0,0.0,0.0,0.0,0.04060908040015205,0.0,0.0,0.0,0.0,0.0,0.0,0.0,0.0,0.0,0.0,0.0,0.0,0.0,0.0,0.0,0.0
1947,0.0,-0.036673431217085196,-0.01441183357370153,0.0,0.1257665286765399,-0.05904942218302353,-0.06561306732617106,-0.04221814174300716,-0.04441217890304745,0.08295703484116809,-0.011522908662079645,-0.017001152405301773,0.0,0.0,0.0,0.0,0.0,0.0,0.0,0.0,0.0,0.0,0.0,0.0,0.0,0.0,0.0,0.0,0.0,0.0,0.0,0.0,0.0,0.0,0.0,0.0,0.0,0.0,0.0
373,0.0,0.0,0.0,0.0,0.03503914924058854,0.0,-0.08495418749589635,0.0,0.0,0.06573582373451756,0.0,0.06345981902157506,-0.06482942919054185,0.0,0.0,0.0,0.0,0.0,0.0,0.0,0.0,-0.22458280676649472,0.0,0.0,0.0,0.0,0.0,0.0,0.08012421657458521,0.0,0.0,0.07649396155512045,0.0,0.0,0.054055657095101656,0.0,0.1325503032977565,0.0,0.0
1579,0.0,0.0,0.1425701489010263,0.0,0.0,0.0,0.0,0.0,-0.06977482590299494,-0.059695430611626396,-0.07844513753296659,-0.061117191834952254,-0.04777641835021579,0.16379876601716178,0.0,0.0,0.0,0.0,0.0,0.0,0.0,-0.24754235959389517,0.0,0.0,0.0,0.0,0.0,0.0,0.0,0.0,0.0,0.0,0.0,0.0,0.0,0.0,0.2637280050573599,-0.1849505703171945,0.0
1153,0.0,0.0,0.05487333153361929,0.0,0.043362973358262905,-0.08359465199879466,0.0,0.0,-0.06455662700248144,0.048336616637019325,0.0,0.04968448720930955,-0.09709141384812763,0.11792041198434569,0.0,0.0,0.0,0.0,0.03715292262723714,0.031146328210383118,0.0,0.0,0.0,0.0,0.0,0.0,0.0,0.0,0.0,0.0,0.0,0.0,0.0,0.0,0.0,0.0,0.0,0.0,0.0
176,0.2592526187047707,0.0,0.0,0.0,-0.06092588441071842,0.0,0.0,0.0,0.0,-0.11660009719953512,0.0,0.0,0.09502750506460442,0.0,0.0,0.0,0.0,0.0,0.0,0.0,-0.050432653441929626,-0.23013088965172868,0.0,0.0,0.0,0.0,0.0,0.0,0.0,0.0,0.09496413202564694,0.0,0.0,0.0,0.10170525987225525,0.0,0.1754958421473646,-0.15610608938901,0.0
1861,0.3297814692227364,0.0,-0.039638130638236964,0.0,0.0728935611345119,0.06966885812462538,-0.08690282274117256,-0.22746089250468135,-0.019227027106308685,-0.1659568400471153,0.0357827480668463,0.0,0.0,0.0,0.0,0.0,0.0,0.0,0.0,0.0,-0.03344884552640338,0.0,0.0,0.0,0.0,0.0,0.0,0.0,0.0,0.0,0.0,0.0,0.0,0.0,0.0,0.0,0.0,0.0,0.0
1578,0.28361556919065495,0.0,0.0,0.04248637769363067,0.0,0.0,0.0,-0.06401057732353667,0.0,-0.1550410697750605,0.0,0.0,0.0,0.0,0.0,0.0,0.0,0.0,0.0,0.03245289830427633,-0.05324692375020438,-0.29315784631438313,0.0,0.0,0.0,0.0,0.0,0.0,0.0,0.0,0.07711992095869995,0.0,0.0,0.0,0.07360149540484959,0.0,0.14340645867051852,0.0,0.0
466,0.0,0.0,0.18483068609795933,0.0,0.0555717103459986,-0.025569501572076235,-0.027950919449530227,-0.02414802690102799,0.0,0.0,-0.08008041268514728,-0.10710095233429634,-0.01770740767943152,0.10995322880174226,0.0,0.0,0.0,0.0,0.0,0.0,0.0,0.0,0.0,0.0,0.0,0.0,0.0,0.0,0.0,0.0,0.0,0.0,0.0,0.0,0.0,0.0,0.0,-0.18188134978960036,0.0
1266,0.0,0.0,0.0,0.0,-0.06344885457061385,0.0,-0.09606640364633395,0.0,0.07039522890834451,-0.14483973544755666,0.0,0.0,0.0,0.0,0.0,0.0,0.0,0.0,0.0,0.0,0.0,-0.2662763973045684,0.0,0.0,0.0,0.0,0.0,0.0,0.0,0.0,0.08268756110537424,0.07412587309679594,0.0,0.06791173299152986,0.06265963884248422,0.0,0.13975091042955728,0.0,0.0
1769,0.0,0.0,0.0,0.0,-0.06792766449801663,0.04948099406728186,0.0,0.0,0.0,0.09643859617452588,0.0,0.0,-0.07080673918210205,0.0,0.0,0.0,0.0,0.0,0.0,0.04468517692838947,0.0,-0.2345264417660093,0.0,0.0,0.0,0.0,0.0,0.0,0.0,0.0,0.08094297621626456,0.06526159046219042,0.0,0.0,0.05762282299395224,0.0,0.13189822067448279,0.0,0.0
507,0.0,0.0,0.0,0.0,0.1410094353891899,-0.08101920955124761,-0.0702136777616192,-0.24030222600327159,0.06475354679032096,-0.07452800955485472,0.0,-0.035869154961921355,0.0,0.0,0.0,0.0,0.0,0.0,0.06493128020477947,0.0,0.0,0.0,0.0,0.03691339052955497,0.0,0.0,0.0,0.0,0.0,0.0,0.0,0.0,0.0,0.0,0.14557242095534825,0.0,0.0,0.0,0.0
1455,0.0,0.0,0.13039741180182723,0.0316680913626661,-0.06280469566514647,0.0,0.0563433545637665,-0.03643920792042453,0.0,-0.184171250458713,0.0,-0.05009474255227341,-0.06018517067907697,0.0,0.0,0.0,0.04392827158689716,0.09904970702707387,0.0,0.0,0.0,0.0,0.0,0.0,0.0,0.0,0.0,0.0,0.0,0.0,0.0,0.0,0.0,0.0,0.0,0.0,0.0,0.0,0.0
1371,0.29705378619750533,-0.022717371142576687,-0.026362733495079865,0.0,0.0,0.0,-0.10231620063394492,-0.04952752363270965,0.0,-0.2131417165671162,-0.04126928823261385,0.0,0.10334719788091398,0.0,0.0,0.0,0.0,0.0,0.0,0.0,-0.04540654116101916,0.0,0.0,0.0,0.0,0.0,0.0,0.0,0.0,0.0,0.0,0.0,0.0,0.0,0.0,0.0,0.16794452714242927,0.0,0.0
503,0.24391968140486794,0.0,-0.023706231019366704,0.0,0.0,-0.10343960925722208,-0.04142156222775186,-0.2352076832840572,0.0,-0.12527473382837473,0.0,-0.08826631899610488,0.0,0.2272679376069639,0.0,0.0,0.0,0.0,0.0716121923220288,0.07959938437532266,0.0,0.0,0.0,0.0,0.0,0.0,0.0,0.0,0.0,0.0,0.0,0.0,0.0,0.0,0.0,0.0,0.0,0.0,0.0
1787,0.0,-0.04895742230586082,0.0,0.0,0.0,0.0,0.0,-0.031186415707557136,-0.052411541726061765,-0.055542114752577566,-0.0490039487617231,0.0,-0.04556451606245139,0.0,0.0,0.0,0.05907015103614005,0.08204614624014957,0.0,0.0,0.0,0.0,0.0,0.0,0.0,0.17290402293091944,0.0,0.0,0.0,0.0,0.0,0.0,0.0,0.0,0.0,0.0,0.0,-0.2002160426401621,0.0
1211,0.2764576856028434,-0.01403294918250425,0.0,0.03838571813352644,0.0,0.0,0.0,-0.21539578141318105,0.09184329227948097,-0.1861840904991609,0.0,-0.018712249857814955,0.0,0.0,0.0,0.0,0.0,0.0,0.09957530084427252,0.030700708024406328,0.0,-0.21693794716174616,0.0,0.0,0.0,0.0,0.0,0.0,0.0,0.0,0.0,0.0,0.0,0.0,0.0,0.0,0.0,0.0,0.0
77,0.03291722895131226,0.0,0.0,0.0246569479378829,0.0,0.03665445184695757,0.0,0.17195443269045785,0.07168730029594449,-0.17367979836434594,0.0,0.0,0.11577867538394226,0.0,0.0,0.0,0.0,0.0,0.04605926508187163,0.0184914854617049,0.0,-0.17394549078491106,0.0,0.0,0.0,0.0,0.0,0.0,0.0,0.0,0.0,0.0,0.0,0.0,0.0,0.0,0.0,0.0,0.0
2102,-0.03229772046794027,0.0,0.0,0.0,-0.047977480447471965,0.0,0.3344794094273626,0.17323025151978919,-0.03979996741322237,0.14250687675918164,0.0,0.0,-0.09692029530732303,0.0,0.0,0.0,0.0,0.0,0.0,0.0,0.0,-0.22603890527134837,0.0,0.0,0.0,0.0,0.0,0.0,0.0,0.0,0.0,0.0,0.0,0.0891658338274057,0.0,0.0,0.0,-0.1779504090298214,0.0
1284,0.29509107772426424,0.0,0.0,0.0,0.0,-0.03446547414243754,0.0,0.0,0.0,-0.19269111002772066,-0.06435644854679069,-0.027434910726402396,0.03101439841234092,0.0,0.0,0.0,0.0,0.0,0.0,0.026500329645995427,0.0,0.0,0.0,0.0,0.0,0.0,0.0,0.0,0.0,0.0,0.0,0.09944158931737149,0.0,0.09047602387717624,0.0,0.0,0.0,-0.24141264746411112,0.0
583,0.09243704259792296,0.0,0.08631087913473098,0.0,0.0,0.0,-0.08988697167884718,-0.26421195171372913,0.0,0.0,0.0,0.0,0.035998924344571144,0.09040950598161498,0.0,0.0,0.0,0.0,0.0,0.0,0.0,-0.20078921881558992,0.0,0.0,0.0,0.0,0.0,0.0,0.0,0.0,0.06228883963103048,0.0,0.0,0.04640463152232843,0.0,0.0,0.1509304646524948,0.0,0.0
426,0.0,0.037390921330326524,0.20533592980895626,0.0,0.01451137252641313,-0.03312434836331815,-0.04082852539084278,-0.24699484552292023,0.0,0.08715584497643818,0.04948865916109739,-0.04091651562188833,0.0,0.12055035216712733,0.0,0.0,0.0,0.0,0.0,0.0,0.0,0.0,0.0,0.0,0.0,0.0,0.0,0.0,0.0,0.0,0.0,0.0,0.0,0.0,0.0,0.0,0.0,0.0,0.0
573,-0.03737188470117801,-0.03187936983924039,0.0,0.0,-0.09478682305434491,0.0,0.0,0.2972411758570951,-0.06246111678514798,0.08231735280141333,-0.04613786492654943,0.05452671999858598,-0.1494070777929859,0.0,0.0,0.0,0.0,0.0,0.0,0.0,0.0,0.0,0.0,0.0,0.0,0.0,0.0,0.0,0.08544835019518235,0.0,0.0,0.0,0.0,0.0,0.0,0.0,0.0,0.0,0.0
209,0.0,0.0,0.057902526686803964,0.0,-0.059987276995846585,0.0,-0.057948355818652736,0.24924808982280133,-0.07074843614251625,-0.13586755228756556,0.0,0.0,-0.11087452802538227,0.2122491850792111,0.0,0.0,0.0,0.0,0.0,0.0,0.0,-0.21784050790356616,0.0,0.0,0.0,0.14907164194291947,0.0,0.0,0.0,0.0,0.0,0.0,0.0,0.0,0.0,0.0,0.0,0.0,0.0
1779,0.0,0.035520380837739444,0.09010166188023307,0.033218904922877844,0.11571369765043715,0.09206020941059254,-0.03706864418558359,-0.1877352968798754,0.025173927125660953,0.0,0.05271124703855103,0.0,-0.061694273181817506,0.0,0.0,0.0,0.0,0.0,0.0,0.0,0.0,0.0,0.0,0.0,0.0,0.0,0.0,0.0,0.0,0.0,0.0,0.0,0.0,0.0,0.0,0.0,0.0,0.0,0.0
619,0.03037629556196962,0.0,-0.033752806972928345,0.0,0.0,0.03398106211099326,0.0,-0.0582492842192495,-0.07079083389075876,0.045136636649630336,0.0,0.027333915325028157,-0.11763579023571231,0.0,0.0,0.0,0.0,0.0,0.04392390220874786,0.03641803670193636,0.0,0.0,0.0,0.0,0.0,0.0,0.0,0.0,0.0,0.0,0.0,0.0,0.0,0.0,0.0,0.0,0.0,0.0,0.0
76,0.3808605816534502,0.0,0.0,0.0,0.0,0.0,-0.03689502138845301,0.0,-0.03678410045380951,-0.1686932699197144,-0.05255282203487695,-0.04905770482151678,0.0,0.0,0.0,0.0,0.0,0.0,0.0,0.0,-0.04532872432475104,-0.23528678119836224,0.0,0.0,0.0,0.0,0.0,0.0,0.0,0.0,0.13360225825286381,0.10247299308500257,0.0,0.0,0.0,0.0,0.0,0.0,0.0
1271,0.19680902633199066,0.0,0.0,0.0,0.0,0.0,-0.14190971340584965,-0.25700021837796955,0.0,-0.18474748780493164,-0.06713339391364366,-0.064409035666751,0.0,0.18624333616951308,0.0,0.0,0.0,0.0,0.0,0.0,0.0,0.0,0.0,0.0,0.0,0.0,0.0,0.0,0.0,0.0,0.0,0.06214243108993727,0.0,0.0,0.11282046729404892,0.0,0.09606633789330134,0.0,0.0
25,0.2793699290428656,0.0,0.0,0.0,-0.0452263904103143,0.044359023348695195,-0.08311065314436361,-0.19295602813463034,0.0,-0.16465164282708467,0.0,0.05698499878567753,0.0,0.0,0.0,0.0,0.0,0.0,0.0,0.0,0.0,-0.20873607564210467,0.0,0.0,0.0,0.0,0.0,0.0,0.0,0.0,0.0,0.08305969442334814,0.0,0.0,0.0,0.0,0.13424191464416907,0.0,0.0
1646,0.02845940239151683,0.0,0.014919755863008331,0.04473314081075477,0.08517441340354903,0.0,-0.0931222040534874,-0.2967218263774198,0.0,0.1079306548593161,0.0,0.11607820614055421,-0.03877067811048449,0.0,0.0,0.0,0.0,0.0,0.0,0.0,0.0,0.0,0.0,0.0,0.0,0.0,0.0,0.0,0.0,0.0,0.0,0.0,0.0,0.07252496846443172,0.0,0.0,0.0,0.0,0.0
930,0.0,0.04846228804109814,0.2521014142770026,0.06153872174688696,0.0954893908478828,-0.022579302412110522,-0.03709513742134985,-0.22079796184074862,0.0,-0.017203691737138215,-0.04629498152016865,0.0,-0.08282311917413593,0.0,0.0,0.0,0.0,0.0,0.0,0.0,0.0,0.0,0.0,0.0,0.0,0.0,0.0,0.0,0.0,0.0,0.0,0.0,0.0,0.0,0.0,0.0,0.0,0.0,0.0
2070,0.33229005452597654,0.0,0.0,0.0,0.0,0.056765383597908024,0.0,-0.21312820303235622,0.0,-0.19910105818140922,0.0,0.037499032248452226,0.0,0.0,0.0,0.0,0.03797278291526758,0.06526418202655451,0.0,0.03874415796187426,0.0,-0.25227772198995096,0.0,0.0,0.0,0.0,0.0,0.0,0.0,0.0,0.07150477042787552,0.0,0.0,0.0,0.0,0.0,0.0,0.0,0.0
364,-0.042074733404188415,-0.024161243796818416,0.0,0.05874859073010383,-0.08309287658045891,0.0,-0.09067707410733758,-0.09301005678664903,0.0,-0.10745947020425603,0.0,0.0,-0.07615770420692246,0.0,0.0,0.0,0.0,0.0,0.0,0.0,0.0,0.0,0.0,0.0,0.0,0.0,0.0,0.0,0.0,0.0,0.1045744272455414,0.0,0.0,0.0,0.0,0.0,0.21374626474951966,0.0,0.0
2117,0.3148167845514263,0.0,0.0,0.0,-0.04419470216158458,0.0,0.0,-0.0618852707076772,0.0,-0.1924694476634689,-0.05319970556015363,0.0,0.0,0.0,0.0,0.0,0.0,0.0,0.0,0.0,-0.05794869444845798,-0.273290731989252,0.0,0.0,0.0,0.0,0.0,0.0,0.0,0.0,0.07617153950076631,0.0,0.0,0.0,0.09860040251833194,0.0,0.16630472083886016,0.0,0.0
1902,0.0,-0.04014579706646271,0.0,0.0,0.0,0.05669697577394099,0.0,0.08491052048297415,0.0,0.11510816472007229,0.02622108799004039,-0.04523633231366851,0.0,0.0,0.0,0.0,0.0,0.0,0.0,0.0,0.0,0.0,0.02300670620380494,0.0,0.0,0.0,0.0,0.0,0.0,0.0,0.0,0.0,0.0,0.111567720656566,0.0,0.0,0.0,-0.20114860244576444,0.019802557732150665
1476,0.0,0.0,0.03653377212360641,0.033392284027829205,-0.0266850758081926,0.0,0.0,0.0,-0.02948422030129791,0.06578987230332478,0.0,0.0,-0.05408722126063113,0.0,0.0,0.0,0.0,0.0,0.09345111047404177,0.0610855436262338,0.0,0.0,0.0,0.0,0.0,0.0,0.0,0.0,0.0,0.0,0.0,0.0,0.0,0.1408942556684306,0.0,0.0,0.0,-0.14065334032893767,0.0
497,0.47143078579630343,-0.020653531762313927,0.0,0.0,0.048549621297015115,0.0,0.0,0.030494168589156167,0.0,0.02757265523816444,-0.11759990129809995,-0.06100059312338908,0.04160187897141364,0.0,0.0,0.0,0.0,0.0,0.0,0.0,-0.020956978190541597,0.0,0.0,0.0,0.0,0.0,0.0,0.0,0.0,0.0,0.0,0.0,0.0,0.0,0.0,0.0,0.0,-0.2174349695148593,0.0
2092,0.0,0.0,0.0,0.1075792521725157,-0.03068694055735366,0.06595582596506275,0.0,0.0,-0.035381543590773716,0.056319305128123845,0.0,-0.08304036348279883,0.0,0.13647772670138006,0.0,0.0,0.0,0.0,0.03350686435250148,0.0,0.0,-0.24439278677611798,0.0,0.0,0.0,0.0,0.0,0.0,0.0,0.0,0.0,0.0,0.0,0.10893173103448422,0.0,0.0,0.0,0.0,0.0
1815,0.3676570410369145,-0.02125430499392636,0.0,0.0,0.05954479806010677,0.0,-0.08287254013223817,-0.06762213495553494,0.0,0.048631113940928616,-0.02925677057880005,0.03124729260309213,0.10865414120427166,0.0,0.0,0.0,0.0,0.0,0.0,0.0,0.0,-0.24546085503195392,0.0,0.0,0.0,0.0,0.0,0.0,0.0,0.0,0.0,0.0,0.0,0.0,0.0,0.0,0.0,0.0,0.0
1326,-0.023290938097805115,0.0,0.22382735184343094,0.0,-0.05882672163629561,0.0,-0.0375877152388595,-0.04858860728304664,0.20302485677782428,-0.19666220577019364,0.0,-0.02318497719338935,0.0,0.0,0.0,0.0,0.0,0.0,0.0,0.0,0.0,0.0,0.0,0.0,0.0,0.0,0.0,0.0,0.0,0.0,0.0,0.0,0.0,0.07309774021142978,0.0,0.0,0.0,-0.12998829988422006,0.0
330,0.0,0.0,0.10846990459533534,0.0,-0.05451119343384304,0.0,0.031193488305018138,0.029753636284593807,0.0,-0.07111160710503694,-0.05992067504686965,0.10072918841980928,0.0,0.0,0.0,0.0,0.0,0.0,0.0,0.0,0.0,0.0,0.0,0.0,0.0,0.0,0.0,0.0,0.1286305616723587,0.0,0.0,0.0,0.0,0.0,0.0,0.0,0.0,-0.15171934212637297,0.024090831491299994
642,0.0,-0.02966057601679304,0.0,0.0,0.0,-0.021036566403691212,-0.02176711571382693,-0.24718738723231135,-0.016762740091524897,-0.0907116125349233,0.06977931619286767,-0.03217182888692126,0.0,0.2846975943932867,0.0,0.0,0.0,0.0,0.0,0.05207645299240562,0.0,0.0,0.0,0.0,0.0,0.0,0.0,0.0,0.0,0.0,0.0,0.0,0.0,0.0,0.0,0.0,0.0,0.0,0.0
988,0.0,0.0,0.11435191352826432,0.0,0.0,-0.015017025430249784,-0.08141225330183893,-0.23380286672555017,-0.013758450397059889,-0.02321571466994198,-0.02396975963752885,-0.035128340758699805,0.0,0.1926951115411192,0.0,0.0,0.0,0.0,0.0,0.0,0.0,0.0,0.0,0.0,0.0,0.0,0.0,0.0,0.0,0.0,0.0,0.0,0.0,0.0,0.0,0.0,0.1571628955637852,0.0,0.0
1873,0.0,0.0,0.02151034102932164,0.01731520591352484,-0.04966890644248826,0.0,-0.02365511264302473,-0.08592827727849385,0.2449944619320371,0.06586535569556479,-0.06483317488700778,0.0,0.0,0.0,0.0,0.0,0.0,0.0,0.0,0.02200787880983044,0.0,-0.2148267141347134,0.0,0.0,0.0,0.0,0.0,0.0,0.0,0.0,0.0,0.0,0.0,0.0,0.0,0.0,0.0,0.0,0.0
1862,0.0,0.0,0.09338961829416034,0.0,0.07695420931764324,0.0,-0.10015300865590543,-0.25762066871348854,0.08044789468267807,0.10974190686584545,0.0,0.0,-0.10578643151135865,0.0,0.0,0.0,0.0,0.0,0.0,0.0,0.0,-0.22196224048903412,0.0,0.0,0.0,0.19027339576837426,0.0,0.0,0.0,0.0,0.0,0.0,0.0,0.05863410037715233,0.0,0.0,0.0,0.0,0.0
1117,0.0,0.0,0.0,0.013017520460656205,-0.05104237310419406,0.0,0.0,0.0,0.048372901909874075,-0.16302951817442668,0.0352337202075269,0.027435105374433146,-0.041772658851425296,0.0,0.0,0.0,0.0,0.0,0.03172212051859148,0.0,0.0,0.0,0.0,0.0,0.0,0.0,0.0,0.0,0.0,0.0,0.0,0.0,0.0,0.11709832467581502,0.0,0.0,0.0,0.0,0.01869177128350944
1839,0.2897570042405699,0.0,0.0,0.0,-0.06285317358984856,0.0,0.0,-0.07403751868545144,0.0,0.05327908472030614,0.0,0.07237266644876371,0.0,0.0,0.0,0.0,0.040237470398478956,0.056396235690873445,0.0,0.0,-0.04665352825199898,-0.24077178708072147,0.0,0.0,0.0,0.08509669339637349,0.0,0.0,0.0,0.0,0.0,0.0,0.0,0.0,0.0,0.0,0.0,0.0,0.0
1962,0.211701930885362,0.0,0.0,0.0,0.0,0.0,0.0,0.1638211879832831,0.0,-0.05881153961621018,-0.09211564979821715,0.0,-0.060846739528877675,0.0,0.0,0.0,0.0,0.05157975851105717,0.0,0.0,0.0,-0.2983012308194258,0.0,0.0,0.0,0.0,0.0,0.0,0.0,0.0,0.0581242439807679,0.0,0.0,0.0,0.07614040242855319,0.0,0.1121557291919608,0.0,0.0
1245,0.0,0.0,0.14081160986165592,0.0,-0.033495817386386476,0.0,-0.044818042790449694,-0.2295413984220185,0.0,-0.12468087508726705,-0.024532884982231037,-0.020308591252404685,-0.08457081641599645,0.22631294506901073,0.0,0.0,0.0,0.0,0.0,0.0,0.0,0.0,0.0,0.0,0.0,0.0,0.0,0.0,0.0,0.0,0.0,0.0,0.0,0.07495474724457996,0.0,0.0,0.0,0.0,0.0
2057,0.0,0.0,0.0,0.03445214253681243,0.0,0.04748392559690414,-0.07156867169761706,0.0,0.0,0.04987122117532806,0.0,0.0,-0.07890913029651052,0.0,0.0,0.0,0.0,0.0,0.0,0.0,0.0,-0.2783129496918398,0.0,0.0,0.0,0.0,0.0,0.0,0.0,0.0,0.0,0.07792814436508919,0.0,0.10674042382702523,0.0709788292890411,0.0,0.17972489932128788,0.0,0.0
1124,0.0,0.0,0.17974728087554442,0.08635173099476545,0.11343042018194965,-0.07677073276359689,0.0,-0.18329198358669296,0.0,0.0,-0.06304565699253667,-0.07379092531508422,0.0,0.11038001130480117,0.0,0.0,0.0,0.0,0.0,0.0,0.0,0.0,0.0,0.0,0.0,0.0,0.0,0.0,0.0,0.0,0.0,0.0,0.0,0.06131656465796889,0.0,0.0,0.0,-0.10017266306705949,0.0
1169,0.0,0.0,0.007275542368989502,0.0710587042262565,0.0,-0.028841595271318413,-0.0798271467275438,-0.317942600230878,0.0,0.11982783253270249,-0.013474534696106672,0.0502529667267546,-0.038685290931229216,0.0,0.0,0.0,0.0,0.0,0.0,0.0,0.0,0.0,0.0,0.0,0.0,0.0,0.0,0.0,0.0,0.0,0.0,0.0,0.0,0.0,0.0,0.0,0.1806335720635527,0.0,0.0
1586,0.02989563045571257,0.09211020512610585,0.10628240374576974,0.0,0.12034561185882556,0.0,-0.03733074378696006,0.0,-0.02848232176130036,0.0,0.08931254015602982,-0.0534480256365584,0.0,0.0,0.0,0.0,0.0,0.0,0.0,0.0,0.0,0.0,0.0,0.028897782691182452,0.0,0.0,0.0,0.0,0.0,0.0,0.0,0.0,0.0,0.0,0.0,0.0,0.0,-0.17759511622767837,0.0
1771,-0.03207860219371539,0.0,0.0,0.0,0.021452715268328204,0.07804288496463808,0.09919985585292207,0.17358564352748115,-0.03780690197559543,0.11387965810295742,0.0,0.0,-0.10588409758481633,0.0,0.0,0.0,0.0,0.0,0.0,0.05746028729985985,0.0,0.0,0.0,0.0,0.0,0.0,0.0,0.0,0.0,0.0,0.0,0.0,0.0,0.0,0.0,0.0,0.0,-0.2068926751152558,0.0
1603,-0.027255484791628704,0.0,0.15881003810140368,0.0,0.09424322488072331,-0.04508800966465947,-0.06762423284367797,-0.268421879939454,0.0,-0.09283796095164597,0.02784232652672162,0.08240561265939654,-0.013438108615499766,0.0,0.0,0.0,0.0,0.0,0.0,0.0,0.0,0.0,0.0,0.0,0.0,0.0,0.0,0.0,0.0,0.0,0.0,0.0,0.0,0.0,0.0,0.0,0.0,0.0,0.0
853,0.0,0.0,0.0,0.0,0.0716529751803437,-0.029286515245795258,-0.1036317016359994,-0.23580439631537445,0.0,0.0,0.047968014790376885,-0.06721005823484907,-0.027758090289255185,0.1691033748031757,0.0,0.0,0.0,0.0,0.0,0.0,0.0,0.0,0.0,0.0,0.0,0.0,0.0,0.0,0.0,0.0,0.0,0.0,0.0,0.0,0.10060734902045337,0.0,0.0970673763281874,0.0,0.0
1288,0.0,0.0,0.06737534488805272,0.0,0.09662768248703285,0.0,-0.09438315595795431,-0.26728852518647406,0.1233965804575521,0.02140568018323924,0.0,0.0,0.0,0.0,0.0,0.0,0.0,0.0,0.030655484185319586,0.0,0.0,0.0,0.0,0.0,0.0,0.0,0.0,0.0,0.0,0.0,0.06133985672401837,0.0,0.0,0.03436918943240843,0.0,0.0,0.10956022540357627,0.0,0.0
1678,0.09204757877479135,0.0,0.0,0.0,-0.04127585284321961,0.0,-0.08131992127842033,-0.2835164959089845,0.0,0.07531992073570762,-0.07165182045867637,0.061723485150215904,0.11859884663277015,0.0,0.0,0.0,0.0,0.0,0.0,0.0,0.0,0.0,0.0,0.0,0.0,0.142239668949754,0.0,0.0,0.09151771898151095,0.0,0.0,0.0,0.0,0.0,0.0,0.0,0.0,0.0,0.0
2066,0.3662148762405103,0.0,0.0,0.019973331247843756,0.0,0.0,-0.10626986124007594,-0.28929241509704556,0.0,-0.11647170422790264,0.0,0.0,-0.03372511354053762,0.0,0.0,0.0,0.0,0.0,0.0,0.05835641852669756,0.0,-0.24577493747075754,0.0,0.0,0.0,0.0,0.0,0.0,0.0,0.0,0.11081798214873309,0.0,0.0,0.0,0.0,0.0,0.15372730877883856,0.0,0.0
1813,-0.026366458023501738,-0.03249843040542127,0.0,0.0,-0.08418428747054311,0.0,0.15728494495537418,0.4037390488669077,-0.054481210751422815,-0.03028525840783803,-0.030474108149055476,0.0,-0.08509858529367363,0.0,0.0,0.0,0.0,0.0,0.0,0.0,0.0,0.0,0.0,0.0,0.0,0.0,0.0,0.0,0.0,0.0,0.0,0.0,0.0,0.0,0.0,0.0,0.0,-0.16564719243916512,0.0
1974,0.0,0.0,0.0,0.022637239514809615,-0.04469475565374991,-0.04794631857863514,0.0,-0.07496717021635937,0.0,0.09170909452342035,-0.06355609330791182,-0.048028120174287633,0.0,0.0,0.0,0.0,0.07646893924119094,0.1086901189389334,0.0,0.0,0.0,0.0,0.0,0.0,0.0,0.0,0.0,0.0,0.0,0.0,0.0,0.0,0.0,0.0,0.0,0.0,0.0,-0.12680246308487697,0.0
1450,0.4283078139272731,-0.0347686023777092,0.0,0.0,-0.05417152909070985,0.0,0.1612153522149898,0.05226011477069286,0.0,-0.1967977597009036,-0.08914039294841634,-0.020725369282585948,0.08660180071153156,0.0,0.0,0.0,0.0,0.0,0.0,0.0,0.0,0.0,0.0,0.0,0.0,0.0,0.0,0.0,0.0,0.0,0.0,0.0,0.0,0.0,0.0,0.0,0.0,-0.26027696123444044,0.0
284,0.0,0.0,0.09404814423894188,0.054256891347740435,0.0,0.0687968546402231,0.0,-0.15585464814596503,0.08927683212623283,-0.08943667433791375,-0.07215248149233844,0.0,0.06485050647098975,0.19897797220099586,0.0,0.0,0.0,0.0,0.0,0.0,0.0,0.0,0.0,0.0,0.0,0.0,0.0,0.0,0.0,0.0,0.0,0.0,0.0,0.0,0.0,0.0,0.0,-0.14321896631535685,0.0
1121,0.2096158555435369,0.0,0.0,0.0,0.0,0.0,0.13857822197047795,0.0,0.06293906709533126,-0.1338811758070192,0.0,0.0,-0.03379292962015812,0.0,0.0,0.0,0.03669878528180263,0.0,0.0,0.0,-0.04466086642307074,-0.2799614752919754,0.0,0.0,0.0,0.0,0.0,0.0,0.0,0.0,0.0,0.0,0.0,0.0,0.07088663545889111,0.0,0.12267707748348287,0.0,0.0
494,0.0,-0.03633290194666542,0.0,0.0,-0.08843430684228096,0.0,-0.11286008860328178,-0.10049854658149893,-0.05454797061972846,0.10084069280124842,0.0,0.0,-0.11748227292183257,0.0,0.0,0.0,0.0,0.0,0.0,0.0,0.0,0.0,0.0,0.0,0.0,0.0,0.0,0.0,0.0,0.0,0.0992301576942081,0.09401408478728615,0.0,0.0,0.0,0.0,0.15558821446156865,0.0,0.0
153,0.0,0.0,0.0,0.0,0.0,0.0,-0.09813195357722582,-0.2665204430763605,0.0,-0.02969822904449124,0.02416585836380122,-0.07052920480579411,0.04461665593142656,0.12725465131633606,0.0,0.0,0.0,0.0,0.07703207889560937,0.0,0.0,0.0,0.0,0.0,0.0,0.0,0.0,0.0,0.0,0.0,0.06544340389623943,0.0,0.0,0.0,0.0,0.0,0.15309102222565119,0.0,0.0
1466,0.0,0.0,0.13220415337720492,0.0,0.0,0.0,0.02798064129699415,-0.03695694648178176,-0.06454551278134557,0.07396081115929742,0.0,0.0,-0.07359724666586118,0.0,0.0,0.0,0.05815192244556209,0.08200973320658383,0.0,0.0,0.0,0.0,0.03230090636473497,0.0,0.0,0.0,0.0,0.0,0.0,0.0,0.0,0.0,0.0,0.0,0.0,0.0,0.0,-0.16518231340876968,0.0
886,0.1940037732678622,0.0,0.0,0.0,0.0,-0.03443209314232196,-0.12805673808753618,-0.3006094037474548,0.0,-0.10290520288151567,0.0,-0.03761995087742476,-0.04754199960382337,0.17223113860898334,0.0,0.0,0.0,0.0,0.0,0.0,0.0,0.0,0.0,0.0,0.0,0.0,0.0,0.0,0.0,0.0,0.08887395866814839,0.0,0.0,0.0,0.0,0.0,0.16130994173317115,0.0,0.0
1241,-0.025496884872510034,-0.02683056599854026,0.0,0.0,-0.1203848717543614,0.0,0.3313462715266021,0.5225034480432825,-0.03506754331548463,-0.1391935562004346,0.0,0.0,-0.08047619703136916,0.0,0.0,0.0,0.0,0.0,0.0,0.0,-0.04556203493984679,-0.23989586933775867,0.0,0.0,0.0,0.0,0.0,0.0,0.0,0.0,0.0,0.0,0.0,0.0,0.0,0.0,0.0,0.0,0.0
1548,0.0,-0.023244678225627303,0.18673659763036773,0.018434206709712905,0.0,-0.026014764615281218,0.01994814779503046,0.01757042489797332,0.0,0.12720518183425344,0.0,-0.11119425267516006,-0.010119053253479698,0.0,0.0,0.0,0.0,0.0,0.0,0.0,0.0,0.0,0.0,0.0,0.0,0.0,0.0,-0.01358216554738733,0.0,0.0,0.0,0.0,0.0,0.0,0.0,0.0,0.0,0.0,0.0
754,0.12800232497487757,0.0,0.0,0.0,0.06092650501348842,-0.028612835447929752,-0.07531715373596035,-0.269001014271323,0.0,-0.06275722010713017,0.0,-0.043884456103089546,0.0,0.25626426539116887,0.0,0.0,0.0,0.0,0.0,0.05233067779754679,0.0,0.0,0.0,0.0,0.0,0.0,0.0,0.0,0.0,0.0,0.0,0.0,0.0,0.0,0.0,0.0,0.14788361541170258,0.0,0.0
892,0.0,0.0,0.05599962193080906,0.0,-0.049657521946555865,0.0,0.29702842924101114,0.09647175129354564,0.0,-0.07318097020231108,-0.06079808900051393,0.0,-0.03840137509966297,0.0,0.0,0.0,0.0,0.0,0.0,0.031686008604343285,0.0,0.0,0.0,0.0,0.0,0.0,0.0,0.0,0.0,0.0,0.0,0.0,0.0,0.09324083761191847,0.0,0.0,0.0,-0.21109590577121481,0.0
1079,0.2945138728253197,0.0,0.0,0.0,0.0755196753091756,0.0,-0.14680954897337095,-0.32429542222043667,-0.030047989674785947,-0.21109272888346092,0.0,0.02999165994356595,0.0,0.0,0.0,0.0,0.0,0.0,0.0,0.0,-0.03683554078191084,0.0,0.0,0.0,0.0,0.0,0.0,0.0,0.0,0.0,0.08452410025480551,0.0,0.0,0.0,0.0,0.0,0.1305890587102675,0.0,0.0
154,0.28009133388361385,0.0,0.0,0.06342901601108898,0.06511913353886721,0.05350949212337636,-0.10426145128119897,-0.26850081603931625,0.0,-0.223492958691143,-0.0881680583976748,0.0,0.0,0.0,0.0,0.0,0.0,0.0,0.0736291654069743,0.054551843307079906,0.0,0.0,0.0,0.0,0.0,0.0,0.0,0.0,0.0,0.0,0.0,0.0,0.0,0.0,0.0,0.0,0.0,0.0,0.0
846,0.0,0.0,0.07285778720853421,0.0,-0.06976400856486974,0.0,-0.04328008343051522,-0.05361053153376506,0.0,-0.06216105864058789,0.0,0.0,-0.07500003998931737,0.0,0.0,0.0,0.0,0.0,0.0,0.0,0.0,-0.24408843398427263,0.0,0.0,0.0,0.0,0.0,0.0,0.0,0.0,0.0,0.09863550462727458,0.0,0.0,0.11034349760022093,0.0,0.17676489684893576,0.0,0.0
1991,0.02736679720141716,0.0,0.0806870055158845,0.03942993066762842,0.059982009256187525,0.058408533587614005,0.0,0.0,-0.09327114170363635,0.05016972522274691,0.0,0.0,-0.09676379934272838,0.0,0.0,0.0,0.0,0.0,0.0,0.0,0.0,-0.25674573897300346,0.0,0.0,0.0,0.0,0.0,0.0,0.0,0.0,0.0,0.0,0.0,0.08304265766770688,0.0,0.0,0.0,0.0,0.0
951,0.25752442899351785,0.0,-0.024452327174644323,0.06542071883540977,0.10463181541621427,0.060990325858884815,0.0,0.0,0.0,-0.11498967690609851,0.0,-0.06738335381963886,0.04732852434330807,0.0,0.0,0.0,0.0,0.0,0.0,0.0,0.0,0.0,0.0,0.0,0.0,0.0,0.0,0.0,0.0,0.0,0.0,0.0,0.0,0.07192104698420711,0.0,0.0,0.0,-0.21803469143517526,0.0
591,0.0,0.0,0.09278178750686386,0.0640206672969757,0.0,0.0,-0.06498318818323301,-0.23273978587659608,-0.05269663201765042,0.09853450674411099,0.0,0.0,-0.10147952781725583,0.17443365132471278,0.0,0.0,0.0,0.0,0.0,0.0,0.0,0.0,0.0,0.0,0.0,0.0,0.0,0.0,0.0,0.0,0.0,0.0,0.0,0.05583418675286605,0.0,0.0,0.0,-0.1108941841683665,0.0
27,0.3771578905015001,0.0,0.0,0.0,-0.03068615614952302,0.0,-0.11010745074801029,-0.2783410313997306,-0.02517858744540001,0.08265449978824414,-0.06820729076558897,-0.02417123168592859,0.048165032890918044,0.0,0.0,0.0,0.0,0.0,0.0,0.0,-0.03221979064292395,0.0,0.0,0.0,0.0,0.0,0.0,0.0,0.0,0.0,0.0,0.0,0.0,0.0,0.0,0.0,0.0,0.0,0.0
220,0.0,0.0,0.0534157703719401,0.0,0.039188051542923125,-0.017307062998286677,0.014510417519413288,-0.02298959940869736,0.0,-0.027907785805567756,0.0,-0.09379147530841042,-0.033597627517336165,0.14274574517285438,0.0,0.0,0.0,0.0,0.0,0.02131841400128124,0.0,0.0,0.0,0.0,0.0,0.0,0.0,0.0,0.0,0.0,0.0,0.0,0.0,0.0,0.0,0.0,0.0,0.0,0.0
2141,0.0,0.0,0.0,0.0,-0.026621967251799716,0.0,-0.07122123069305544,-0.07409037311477604,-0.0670935624772275,0.08497350500318204,-0.043747589522394416,0.0,-0.08571799848035626,0.0,0.0,0.0,0.0,0.0,0.0,0.0,0.0,-0.2057630078161532,0.0,0.0,0.0,0.0,0.0,0.0,0.0,0.0,0.0,0.10711235104045497,0.0,0.0,0.0,0.0,0.2001525103430329,0.0,0.0
1535,0.0,0.0,0.0,0.0,-0.08154794553434565,0.0,0.20185806286914518,0.0,-0.04408106711941179,0.07846933312121915,-0.0832358621367375,0.0,-0.10896739150309914,0.0,0.0,0.0,0.0,0.0,0.0,0.0,0.0,0.0,0.0,0.0,0.0,0.0,0.0,0.0,0.0,0.0,0.10601639196391037,0.06395617870759401,0.0,0.0,0.0,0.0,0.16832187716578434,-0.18340051187084522,0.0
1280,-0.03180559621003927,0.0,0.11795962816814042,0.050725436559795764,0.028787203413816184,-0.008441262860161863,0.009679475085784674,0.07426932697103558,0.0,-0.11057038017628902,0.03699004059030403,0.0,-0.032745465134481073,0.0,0.0,0.0,0.0,0.0,0.0,0.0,0.0,0.0,0.0,0.0,0.0,0.0,0.0,0.0,0.0,0.0,0.0,0.0,0.0,0.0,0.0,0.0,0.0,0.0,0.0
462,-0.02213165209544617,0.0,-0.020265676430730094,0.0,0.0,0.0,0.0,-0.03599498223555805,0.0,-0.19959438597369378,-0.035996924243470126,-0.06543819953926881,-0.027512542772964377,0.0,0.0,0.0,0.0,0.0,0.0,0.0,0.0,0.0,0.0,0.0,0.0,0.0,0.0,0.0,0.0,0.0,0.09789774120226591,0.0,0.0,0.09670243287094746,0.0,0.0,0.219299576757138,0.0,0.0
230,0.0,-0.04443414015173171,0.15315316482948838,0.0,-0.052854466296682875,0.0,-0.05818710762103035,0.0697465538565069,-0.029662569628427157,-0.09427176900245152,-0.037201342201523886,0.0,-0.11376368951827977,0.0,0.0,0.0,0.0,0.0,0.0,0.0,0.0,0.0,0.0,0.0,0.0,0.0,0.0,0.0,0.0,0.0,0.0,0.0,0.0,0.10701043802166728,0.0,0.0,0.0,0.0,0.0
1273,0.1897494546464286,0.0,0.11283265676650958,0.0,0.03213923813749637,0.08711583593589978,-0.05589932372958304,-0.2393880044931222,0.0,-0.1856868103833901,-0.08292691787938547,0.02513184375493138,0.017007320920109148,0.0,0.0,0.0,0.0,0.0,0.0,0.0,0.0,0.0,0.0,0.0,0.0,0.0,0.0,0.0,0.0,0.0,0.0,0.0,0.0,0.0,0.0,0.0,0.0,0.0,0.0
210,0.0,-0.04790664709456967,0.0,0.03282795587811032,0.0,0.021254859019294324,0.0,0.06386417223028411,-0.062150425918028794,0.1373523238643918,0.0,0.03798112020029259,-0.1109718080852294,0.0,0.0,0.0,0.0,0.0,0.0,0.0,0.0,0.0,0.0,0.0,0.0,0.0,0.0,0.0,0.0,0.0,0.0,0.0,0.0,0.11068667143839739,0.0,0.0,0.0,-0.15130100593919812,0.0
838,0.0,0.0,0.0,0.02331340445564159,0.0,0.03284028818247193,-0.06380192321161765,-0.18583224991406633,0.03666069278651863,-0.03893861562500146,0.09679050833499091,-0.01922508742429473,-0.014078968287228072,0.2633057353642812,0.0,0.0,0.0,0.0,0.0,0.0,0.0,0.0,0.0,0.0,0.0,0.0,0.0,0.0,0.0,0.0,0.0,0.0,0.0,0.0,0.0,0.0,0.0,0.0,0.0
1253,0.0,0.0,0.07623934570239999,0.0,0.0,0.0,-0.10920262538693258,-0.2852399268585578,-0.0644898439861421,0.0,-0.054120973117154074,0.0,-0.09387122802041581,0.0,0.0,0.0,0.0,0.0,0.0,0.0414816293581621,0.0,0.0,0.0,0.0,0.0,0.0,0.0,0.0,0.0,0.0,0.09763697304248119,0.0,0.0,0.08378325114945252,0.0,0.0,0.17751221081193394,0.0,0.0
878,0.04355095264371805,0.0,0.06286868923233939,0.03813011649283318,0.05388251221368839,0.0,0.0,0.0,0.0,-0.07259936272327798,-0.05950112655577254,-0.10818343582247862,0.0,0.19006641772738428,0.0,0.0,0.035696596658078505,0.0,0.0,0.0,0.0,0.0,0.0,0.0,0.0,0.0,0.0,0.0,0.0,0.0,0.0,0.0,0.0,0.0,0.0,0.0,0.0,-0.1920714985986497,0.0
755,0.0,0.0,0.09058645813036731,0.0,0.06546051416112471,0.0,-0.1086766891716948,-0.24827682474129745,0.0,0.0,0.0,0.04058514863771461,-0.1134353651458286,0.1690237535255759,0.0,0.0,0.0,0.0,0.0,0.037260821409681226,0.0,0.0,0.0,0.0,0.0,0.0,0.0,0.0,0.0699507186486435,0.0,0.0,0.0,0.0,0.05892418344570398,0.0,0.0,0.0,0.0,0.0
1439,0.33105989572548955,0.04412625166827874,0.0,0.0,0.0,0.0,-0.10671936103389555,-0.24023743463256403,0.0,-0.14177648744709204,0.0,0.0,0.08492518531521269,0.14404099248719382,0.0,0.0,0.0,0.0,0.0,0.0,0.0,-0.18269424614097848,0.0,0.0,0.0,0.0,0.0,0.0,0.0,0.0,0.05538012417583056,0.0,0.0,0.0,0.0,0.0,0.10117624489712822,0.0,0.0
28,0.10141418656030735,0.15435067160523874,0.0,0.0,0.07701720827043534,0.041546230483200504,0.0,-0.02663342783488066,0.0,-0.2294073003316274,0.0,-0.08120230486819761,-0.028453961840070152,0.0,0.0,0.0,0.0,0.0,0.0,0.0,0.0,0.0,0.0,0.0,0.0,0.0,0.0,0.0,0.0,0.0,0.0,0.0,0.0,0.08104579560341314,0.0,0.0,0.0,-0.16252484522321317,0.0
740,0.0,0.0,0.0,0.0,0.06948346302826686,-0.08356060360580515,-0.0304849004356084,-0.13371844348558984,0.10784214191701409,-0.11568025082645536,0.0,-0.0686802955149732,0.033709300092665866,0.17978140867092018,0.0,0.0,0.0,0.0,0.06411343334883003,0.0,0.0,0.0,0.0,0.0,0.0,0.0,0.0,0.0,0.0,0.0,0.0,0.0,0.0,0.0,0.0,0.0,0.0,0.0,0.0
1444,0.0432377634702835,0.0,0.21913296632250134,0.022921827081333265,0.0,0.0,0.0,-0.06168132994838124,-0.0396941166492773,0.06581551765902233,-0.06726555831955536,-0.016406476912418793,-0.023096406138424272,0.0,0.0,0.0,0.0,0.0,0.0,0.0,0.0,0.0,0.0,0.0,0.0,0.0,0.0,0.0,0.0,0.0,0.0,0.0,0.0,0.0,0.0,0.0,0.0,-0.19348936539454487,0.0
2136,0.0,0.0,0.06372673582660358,0.0,-0.08187595641369841,0.0,0.0,0.0,0.0,-0.10020291078833048,-0.06271846992072122,0.06336102560599799,-0.08254245060052738,0.0,0.0,0.0,0.0,0.08094699685593029,0.053742358382771145,0.0,0.0,-0.21368672208947717,0.0,0.0,0.0,0.0,0.0,0.0,0.11240865361077078,0.0,0.0,0.0,0.0,0.0,0.0,0.0,0.0,0.0,0.0
2210,0.0,0.0,-0.014698192091670392,0.0,0.0,-0.08852678284787445,0.0,-0.10594049102080857,0.0,-0.07512478373317044,0.029895668515227465,-0.10399649659592007,-0.034043989401588426,0.1507393221918566,0.0,0.0,0.0,0.0,0.0,0.02928923617186475,0.0,0.0,0.0,0.0,0.0,0.0,0.0,0.0,0.0,0.0,0.0,0.0,0.0,0.09317219797222963,0.0,0.0,0.0,0.0,0.0
1021,0.0,-0.03944910081563055,0.10234246913776805,0.0,-0.07743730302364685,0.041449341688636655,0.0,-0.05233138005564951,-0.04106205076883321,0.05153514634009571,0.060428320909843215,0.0,-0.13492674803949867,0.13477822549990653,0.0,0.0,0.0,0.0,0.0,0.0,0.0,0.0,0.0,0.0,0.0,0.0,0.0,0.0,0.0,0.0,0.0,0.0,0.0,0.0,0.0,0.0,0.0,0.0,0.0
1278,0.0,0.0,0.07734197681625837,0.0,0.12681075385885712,0.047415186898634484,0.0,0.06949914665635211,0.0,0.1159205508361302,0.0,0.06825819102735096,-0.1093090336262238,0.0,0.0,0.0,0.0,0.0,0.0,0.03736198718036805,0.0,-0.21583582707480578,0.0,0.0,0.0,0.0,0.0,0.0,0.0,0.0,0.0,0.0,0.0,0.0,0.0,0.0,0.0,-0.16972028865877178,0.0
1247,0.0,0.0,0.0,0.0,0.028901814593110812,0.0,0.0,-0.057747083146470424,-0.02488102176657697,-0.2048338233667081,-0.0654036079905848,0.1086404623744198,0.0,0.0,0.0,0.0,0.0665055295704404,0.0,0.0,0.030081174071176966,0.0,0.0,0.0,0.0,0.0,0.21374349758518746,0.0,0.0,0.0,0.0,0.0,0.0,0.0,0.0,0.0,0.0,0.0,-0.18244774134931663,0.0
2122,0.0,0.0,0.1134054674156172,0.0,-0.05931271984822179,0.0,0.0,0.0,0.0,-0.09535022060395114,-0.04022138258416108,0.0,-0.056438493473331845,0.0,0.0,0.0,0.0,0.0,0.05189079521927669,0.0,0.0,-0.20568209311823285,0.0,0.0,0.0,0.0,0.0,0.0,0.0,0.0,0.0,0.1153981937162407,0.0,0.0930393150385065,0.0,0.0,0.23378085749067215,0.0,0.0
661,0.0,0.0,0.06916096214056593,0.0,0.04636387748817327,-0.08870879988533747,-0.05903256124769531,-0.06303061959360363,0.08159646882684768,0.07664265149631502,-0.04841863178850611,0.019791217603207234,0.0,0.14559483033770107,0.0,0.0,0.0,0.0,0.0,0.0,0.0,0.0,0.0,0.0,0.0,0.0,0.0,0.0,0.0,0.0,0.0,0.0,0.0,0.0,0.0,0.0,0.0,0.0,0.0
1313,-0.05187961772110791,0.0,0.0,0.0,-0.10092547669802683,0.0,0.2830808862933271,0.0,-0.0457814863353688,-0.12932561461507497,0.0,0.0,-0.05382559599689121,0.0,0.0,0.0,0.0,0.0,0.0,0.0,-0.01816753850914081,-0.25274246176701404,0.0,0.0,0.0,0.0,0.0,0.0,0.0,0.0,0.11088040469493222,0.0,0.0,0.0,0.0,0.0,0.15936671147725007,0.0,0.0
1373,0.0,0.0,0.21222386239406518,0.007148120551774523,0.0,0.01984306349319758,-0.05436004067917281,-0.21451036685418576,0.0,0.1513579230972669,0.054154415165981525,0.0,0.0,0.0,0.0,0.0,0.0,0.0,0.0,0.0,0.0,0.0,0.029725230253297267,0.0,0.0,0.0,0.0,0.0,0.08488907753855991,0.0,0.0,0.0,0.0,0.0,0.0,0.0,0.0,-0.1361154680338602,0.0
674,0.0,0.0,0.12852203550013086,0.0,0.0,0.0,-0.0762415930385866,-0.2290158614870383,0.0765505020203798,0.0,0.0,-0.08070709619156788,0.06961533082260432,0.09011111229017854,0.0,0.0,0.0,0.0,0.0,0.0,0.0,-0.19364665234947087,0.0,0.0,0.0,0.0,0.0,0.0,0.0,0.0,0.0,0.0,0.0,0.06529232064969713,0.0,0.0,0.15616709997564437,0.0,0.0
1350,0.0,0.01598979520250661,0.0,0.03985341230182697,0.1611419387732385,-0.02815208454577336,0.19898199934874303,-0.02498211722166686,0.0,-0.1717008234479347,-0.05614191068287145,0.0,-0.10969327768893868,0.0,0.0,0.0,0.0,0.0,0.06543422688629466,0.0,0.0,0.0,0.0,0.0,0.0,0.0,0.0,0.0,0.0,0.0,0.0,0.0,0.0,0.0,0.0,0.0,0.0,0.0,0.0
1472,0.0,0.0,0.0,0.0,0.0663750614139428,0.0,0.0,-0.2119073428989623,0.22336521475586948,-0.17334320805249906,-0.028187264345152674,0.09116556363907756,0.14721814905777927,0.0,0.0,0.0,0.0,0.0,0.06431922182310224,0.0,0.0,-0.16729019836781656,0.0,0.0,0.0,0.0,0.0,0.0,0.0,0.0,0.0,0.0,0.0,0.0,0.10906556657177978,0.0,0.0,0.0,0.0
2174,0.0,0.0,0.11265927912875526,0.04310744640775068,-0.05553551141975978,0.0,0.2115089851996538,0.0,-0.043006594195457104,-0.1535592718865514,0.05516241289588823,0.0,0.0,0.0,0.0,0.0,0.047942670756223084,0.0,0.06278102915841682,0.0,0.0,0.0,0.0,0.0,0.0,0.0,0.0,0.0,0.0,0.0,0.0,0.0,0.0,0.0,0.0,0.0,0.0,-0.16556802177130364,0.0
615,0.511106900930107,0.0,0.0,0.021369403571238343,-0.047279097617198784,0.0,0.0,0.0,0.0,-0.13633766687970253,-0.10508068015944293,-0.0936791085113042,0.03953438426097667,0.1635181227526112,0.0,0.0,0.0,0.0,0.0,0.036340133919825233,0.0,0.0,0.0,0.0,0.0,0.0,0.0,0.0,0.0,0.0,0.0,0.0,0.0,0.0,0.0,0.0,0.0,-0.22926368479665887,0.0
1915,0.26922824924494126,-0.0475911557872308,0.12163550491738226,0.0,0.0,0.0,-0.0414631180421846,-0.2189462157537113,0.0,-0.23564342962440965,-0.05927536398010829,0.0,0.0,0.0,0.0,0.0,0.0,0.0,0.047772424169222345,0.03955990479242082,0.0,0.0,0.0,0.0,0.0,0.0,0.0,0.0,0.0,0.0,0.0,0.0,0.0,0.06031187664279702,0.0,0.0,0.0,0.0,0.0
1072,0.0,-0.013564555154123244,0.10208869882995568,0.0,-0.06528465398958443,-0.00848443220277835,-0.013677085627561968,-0.041034557084037256,0.05913600553768915,0.16856752322098428,-0.0555462103830797,0.0,-0.06948359319573208,0.0,0.0,0.0,0.0,0.0,0.0,0.0,0.0,0.0,0.0,0.0,0.0,0.0,0.0,0.0,0.0,0.0,0.0,0.0,0.0,0.0,0.0,0.0,0.0,0.0,0.0
1930,0.0,0.0,0.0,0.041316992023352886,-0.05867324123921617,0.06421944943458494,0.0,-0.03939852535733407,0.0,-0.05346595283990585,0.02899885437770821,0.0,-0.03527560926413972,0.15226884061350585,0.0,0.0,0.0,0.0,0.04661003560473435,0.0,0.0,0.0,0.0,0.02797758208011042,0.0,0.0,0.0,0.0,0.0,0.0,0.0,0.0,0.0,0.0,0.0,0.0,0.0,0.0,0.0
64,0.0,0.0,0.0818953502679666,0.017118944007516377,0.0,0.0,0.0,0.0,0.0,0.029251665244290754,0.0,0.0,0.0,0.0,0.0,0.0,0.0,0.0,0.0,0.0,0.0,-0.29652508318116294,0.0,0.0,0.0,0.0,0.0,0.0,0.0,0.0,0.05968808319184487,0.04821788473495546,0.0,0.0635559367459105,0.06736571629142585,0.0,0.1327802069016574,-0.16819527327276584,0.0
1216,0.0,-0.031164446232200355,0.0,0.0,0.06093820468725703,0.0,0.0,0.0,0.07510765605814768,0.060851800505479475,-0.07538918054539445,0.0,0.0,0.0,0.0,0.0,0.0,0.0,0.0,0.0,-0.03565099409416859,-0.2765645668000419,0.0,0.0,0.0,0.0,0.0,0.0,0.0,0.0,0.0,0.0797679731786578,0.0,0.0,0.047438279763186354,0.0,0.1372568535394294,0.0,0.0
1899,0.0,0.0,-0.021935430729762655,0.0,-0.03432668283100644,0.07225554679762501,-0.01901783912834365,0.0,0.0,-0.18217841998319206,-0.04085246873889702,-0.03364324872629994,0.0,0.0,0.0,0.0,0.0,0.0,0.0,0.0,0.0,0.0,0.0,0.0,0.0,0.15045075568362273,0.0,0.0,0.0,0.0,0.0,0.0,0.0,0.1284655394326069,0.0,0.0,0.0,-0.18669901440882639,0.0
2019,0.16745332015984346,0.0,0.07645912595552685,0.03600026218401413,0.05900442838938728,0.0,0.0,-0.22832656818467748,0.0,0.10074912377576037,0.0,0.0,0.0,0.0,0.0,0.0,0.03269680723339766,0.05391074890425493,0.05957170977931007,0.0,0.0,-0.24915646427635493,0.0,0.0,0.0,0.0,0.0,0.0,0.0,0.0,0.0,0.0,0.0,0.0,0.0,0.0,0.0,0.0,0.0
1713,0.0,0.0,0.0769136222881215,0.0,-0.03654766355214027,0.05007498263050382,-0.04097017787649253,-0.2044522489827147,0.42993195148060626,0.0,-0.038855362471715366,0.0,0.1348993954433335,0.0,0.0,0.0,0.0,0.0,0.0,0.0,0.0,-0.14985658877313504,0.0,0.0,0.0,0.0,0.0,0.0,0.0,0.0,0.0,0.0,0.0,0.0,0.0,0.0,0.0,-0.11171342529456425,0.0
1858,0.0,0.0,0.0,0.03225641582903458,-0.056447848019516106,0.030896215941687656,0.11429807949385663,0.020899140513875977,-0.07407249516616311,0.10513630937833107,0.0,0.026207385070124413,0.0,0.0,0.0,0.0,0.0,0.0,0.0,0.0,0.0,0.0,0.0,0.0,0.0,0.0,0.0,0.0,0.0,0.0,0.0,0.0,0.0,0.0,0.0,0.0,0.0,-0.19648220125055724,0.019778071580682743
1321,0.0,0.0,0.0,0.10406524542043687,0.0,0.07507275932502246,0.0,-0.1895604678033455,0.0,-0.08174597722426379,-0.07370489148768147,0.0901931679284366,0.08181642209626307,0.20598973162862366,0.0,0.0,0.0,0.0,0.0,0.0,0.0,-0.16266118425797396,0.0,0.0,0.0,0.0,0.0,0.0,0.0,0.0,0.0,0.0,0.0,0.0,0.0,0.0,0.0,-0.11692792366452896,0.0
562,-0.03022004026301542,-0.023073866414396682,0.0,0.0,-0.048863831869360684,0.0,0.0,0.0,0.4238097080526375,0.17281761207125226,-0.03110761181915448,-0.025278893448631188,0.0,0.0,0.0,0.0,0.0,0.0,0.0,0.0,-0.0444888392514609,-0.18728214834315696,0.0,0.0,0.0,0.0,0.0,0.0,0.0,0.0,0.0,0.0,0.0,0.0,0.0,0.0,0.0,-0.13973144968504508,0.0
135,0.0,-0.03471011172041583,0.09513243882310135,0.0,-0.05788134528927149,0.0,-0.031193489252368416,-0.17581557836733838,0.448232075296999,-0.13007676564216844,-0.08350426070889401,0.0,0.0,0.0,0.0,0.0,0.0,0.0,0.0,0.0,0.0,0.0,0.0,0.0,0.0,0.12943229284378,0.0,0.0,0.0,0.0,0.0,0.0,0.0,0.0,0.0,0.0,0.0,-0.12933195271195025,0.0
161,0.03895183859898224,0.0,0.10054807008256343,0.0,0.20545667010146929,0.0721595945601582,0.0,-0.15203679782750673,0.0,-0.059745032474736906,0.0,0.08075009396036655,0.0,0.0,0.0,0.0,0.0,0.0,0.0,0.0,0.0,-0.19683840437510366,0.0,0.0,0.0,0.0,0.0,0.0,0.0,0.0,0.0,0.0,0.0,0.0,0.0,0.0,0.0,-0.15658608948213254,0.025090372590058002
1386,0.43305137825998424,-0.023876506086777605,0.0,0.0,0.0,-0.05781748609313105,-0.01624678430225161,-0.22752781511898015,0.0,-0.19518545833413709,0.04242513002004269,-0.02432776782502676,0.09035210791555208,0.0,0.0,0.0,0.0,0.0,0.0,0.0,-0.031518379767211877,0.0,0.0,0.0,0.0,0.0,0.0,0.0,0.0,0.0,0.0,0.0,0.0,0.0,0.0,0.0,0.0,0.0,0.0
804,0.11224297640665541,0.0,0.0,-0.02562454372816597,-0.03451194013143554,0.0,0.0,-0.18199430414305032,0.44627336087420755,-0.18021211417335842,0.03129761165433699,0.0,0.04601014752572389,0.0,0.0,0.0,0.0,0.0,0.0,0.0,0.0,0.0,0.04136669928877514,0.0,0.0,0.0,0.0,0.0,0.0,0.0,0.0,0.0,0.0,0.0,0.0,0.0,0.0,-0.15125535482012709,0.0
1036,0.0,0.0,0.08170778456901394,0.0,0.1909491795647875,0.0,0.0,-0.1343522786596043,0.0,-0.041396432370854566,-0.04581588631116373,-0.04978435486817305,0.0,0.17325485695739637,0.0,0.0,0.05437858557185454,0.0,0.0,0.0,0.0,-0.21730811514013754,0.0,0.0,0.0,0.0,0.0,0.0,0.0,0.0,0.0,0.0,0.0,0.0,0.0,0.0,0.0,-0.13765158953877119,0.0
1748,0.0,0.0,0.0,0.0,0.0,0.0,-0.06345792012023327,0.0,-0.05307235073518446,0.05161040670157949,-0.07586901944211201,0.0,0.0,0.1054058264547756,0.0,0.0,0.0,0.0,0.0,0.0,0.0,-0.2332707482360765,0.0,0.0,0.0,0.0,0.0,0.0,0.0,0.0,0.07103638830850047,0.07470869311906239,0.0,0.08654063393584782,0.0,0.0,0.12937844984565414,0.0,0.0
1724,0.0,-0.04747390126547369,0.10330679676815345,0.0,0.0,0.028475294047364916,0.0,0.0,-0.03559837155231715,0.10735245465688485,0.0,0.0,-0.06978262452026203,0.0,0.0,0.0,0.0,0.0,0.0,0.0,0.0,-0.2531433855438399,0.0,0.0,0.0,0.16056748877273075,0.0,0.0,0.0,0.0,0.0,0.0,0.0,0.08218973120720545,0.0,0.0,0.0,-0.14122629631953626,0.0
186,0.0,0.0,0.0,0.022774903196056462,0.0,0.0315465528019362,-0.09214716619600359,-0.19812770297375923,0.0,0.0,0.0,0.0,-0.05098034144217936,0.0,0.0,0.0,0.0,0.0,0.0,0.0,0.0,0.0,0.03748544239280827,0.0,0.0,0.0,0.0,0.0,0.0,0.0,0.0,0.10532263055954559,0.0,0.10716789838514021,0.16473035452606927,0.0,0.0,0.0,0.033891003918778057
1008,0.22701157802923802,0.0,0.23649688347970552,0.03773939082491394,0.0,-0.06747879365265101,-0.09517471505840876,-0.21814386462216157,0.0,-0.1382560736170804,0.05303916720127651,-0.030999491782324987,0.0,0.0,0.0,0.0,0.0,0.0,0.057891036112935376,0.0,0.0,0.0,0.0,0.0,0.0,0.0,0.0,0.0,0.0,0.0,0.0,0.0,0.0,0.0,0.0,0.0,0.0,0.0,0.0
655,0.02788336155435896,0.0,0.07342980466149272,0.10053180115136803,-0.02852976997996061,-0.10444592375266347,-0.053357004017458166,-0.057239881771270464,0.0,0.0,0.0,-0.0910228832905618,0.03737228188330733,0.11302982542690956,0.0,0.0,0.0,0.0,0.0,0.0,0.0,0.0,0.0,0.0,0.0,0.0,0.0,0.0,0.0,0.0,0.0,0.0,0.0,0.0,0.0,0.0,0.0,0.0,0.0
1276,0.0,0.0,-0.011338102762514346,0.0,0.0,-0.006578638804577874,-0.07266008329750515,-0.28498194142618244,0.0,-0.12795868488745304,0.013581803491976222,0.0935700870777344,-0.021017524418916873,0.17272355467518416,0.0,0.0,0.0,0.0,0.0,0.0,0.0,0.0,0.0,0.0,0.0,0.0,0.0,0.0,0.0,0.0,0.0,0.0,0.0,0.0,0.0,0.0,0.16772325564079746,0.0,0.0
1714,0.09264458664871483,0.0,0.0,0.0,0.22873068447422776,0.10731953693128804,0.0,-0.19383660744831793,0.0,-0.07557180318766593,-0.03387211943145394,0.0,0.0,0.0,0.0,0.0,0.0,0.0,0.0,0.0,0.0,-0.15862233217440566,0.03393494298171257,0.0,0.0,0.0,0.01499025004585048,0.0,0.0,0.0,0.0,0.0,0.0,0.0,0.0,0.0,0.0,0.0,0.04541263168294438
215,0.025351326511611216,0.0,0.0,0.0,0.0,-0.030754119776232547,0.0,-0.0330868478195956,0.0,0.07055675975257446,-0.0442004647580624,-0.10244045369279911,0.044096512057466036,0.12249153556932824,0.0,0.0,0.0,0.0,0.0627495835356561,0.033720323709904604,0.0,0.0,0.0,0.0,0.0,0.0,0.0,0.0,0.0,0.0,0.0,0.0,0.0,0.0,0.0,0.0,0.0,0.0,0.0
2130,0.0,0.0,0.0,0.0,-0.04889288070526497,0.0,-0.035910620487480505,-0.2248079675222582,0.5726974067876527,-0.16166487814239613,0.0,-0.03467883615325111,-0.04317300838768557,0.0,0.0,0.0,0.0737692937644773,0.10028459417635265,0.0,0.0,0.0,0.0,0.0,0.0,0.0,0.0,0.0,0.0,0.0,0.0,0.0,0.0,0.0,0.0,0.0,0.0,0.0,-0.09620683733402909,0.0
234,-0.019812195510983212,0.0,-0.031502975091700004,0.0,0.0,0.07931107994461307,-0.03939261473035422,-0.0330228959549819,0.0,-0.1807452736822815,-0.06924129956658627,0.0,-0.04557023494571209,0.0,0.0,0.0,0.0,0.0,0.0,0.0,-0.010820177773991552,0.0,0.0,0.0,0.0,0.0,0.0,0.0,0.0,0.0,0.0,0.0,0.0,0.0,0.16620842148692774,0.0,0.0,0.0,0.0
264,0.1220703875335679,0.0,0.0,0.0,0.08096650306539886,-0.030963403999508955,-0.05380638385292595,-0.2459803891430579,0.0,-0.13951443993128312,0.0,-0.03592095610753426,0.0,0.0,0.0,0.0,0.0,0.0,0.07094072054995441,0.03437302786305645,0.0,0.0,0.0,0.0,0.0,0.0,0.0,0.0,0.0,0.0,0.0,0.0,0.0,0.0,0.0,0.0,0.13462691397010876,0.0,0.0
2193,0.0,0.0,0.09321312486911164,0.0361383417582012,-0.12441437785725337,0.0,0.0,0.058106850297504974,0.0,0.0,0.0,0.03872105916726843,-0.06871991344063468,0.0,0.0,0.0,0.05100570893307773,0.0805864714526505,0.0,0.0,0.0,0.0,0.0,0.0,0.0,0.0,0.0,0.0,0.0,0.0,0.0,0.0,0.0,0.11702723840007094,0.0,0.0,0.0,-0.2161861783661125,0.0
2010,0.03617877258363483,-0.02658455448091493,0.0,0.0,0.09183791983310456,0.0,-0.03260492452372249,-0.04885373189114058,0.0,-0.10468582851771294,-0.044294920572541446,0.0,0.0,0.0,0.0,0.0,0.0,0.0,0.06366228488051555,0.0,0.0,0.0,0.0,0.03690931233140073,0.0,0.0,0.0,0.0,0.0,0.0,0.0,0.0,0.0,0.09063946209533393,0.0,0.0,0.0,0.0,0.0
1784,0.0,0.08495675953473697,0.11514269738314879,0.03388445870293786,-0.07096819977588514,0.06452251338796221,0.0,0.08237613279848756,-0.04832527280606656,-0.0399550107660914,0.0,-0.03152248422655415,0.0,0.0,0.0,0.0,0.0,0.0,0.0,0.0,0.0,0.0,0.0,0.0,0.0,0.0,0.0,0.0,0.0,0.0,0.0,0.0,0.0,0.0,0.0,0.0,0.0,-0.20436853402163038,0.0
478,-0.03091581351932618,0.0,0.1226739940939367,0.05296612017465516,-0.06625189535733565,0.0,0.15505125344141987,0.4985136499696887,0.0,-0.10357655361761285,-0.031229793995532003,0.0,0.0,0.0,0.0,0.0,0.0,0.0,0.0,0.0,0.0,-0.2385095523172084,0.0,0.0,0.0,0.0,0.0,0.0,0.0,0.0,0.0,0.0,0.0,0.0,0.0,0.0,0.0,-0.1733852121594144,0.0
1875,0.0,0.0,0.0,0.0,0.07238726543507916,0.0,-0.10924313512526479,-0.15282214463930444,0.0,0.051144711936342575,-0.034660106654537316,0.0,-0.06756910824101493,0.0,0.0,0.0,0.0,0.0,0.0,0.0,0.0,0.0,0.025371610726019123,0.0,-0.017542096369416595,0.0,0.0,0.0,0.0,0.0,0.07983524284626538,0.0,0.0,0.0,0.0,0.0,0.14859752906600973,0.0,0.0
1168,0.0,0.0,0.0,0.0,0.0,0.0,-0.06763276977386819,-0.2230689135677649,0.5325946176280111,-0.172512680781045,-0.0500602560047408,0.0,0.0,0.0,0.0,0.0,0.0,0.0,0.06628217206820766,0.057931463184956095,-0.0653681151785433,-0.15996489455794785,0.0,0.0,0.0,0.13450681375000453,0.0,0.0,0.0,0.0,0.0,0.0,0.0,0.0,0.0,0.0,0.0,0.0,0.0
1808,-0.026721607806285328,-0.017626891200617417,0.0,-0.019161121693020196,0.0,0.0,-0.10443646246743508,-0.2729265542190679,0.48065397496753215,0.0786971462276725,-0.022271014521274668,-0.0376717896666423,-0.0597458498963012,0.0,0.0,0.0,0.0,0.0,0.0,0.0,0.0,0.0,0.0,0.0,0.0,0.0,0.0,0.0,0.0,0.0,0.0,0.0,0.0,0.0,0.0,0.0,0.0,0.0,0.0
1818,0.0,-0.04675328300078085,0.0,0.018702604735104017,0.0,0.0,-0.07747708761578777,-0.1895172049920516,0.0,0.1019184823668286,0.0,-0.06484016063776374,0.0,0.12590880744261662,0.0,0.0,0.046579074522897924,0.0,0.0,0.0,0.0,0.0,0.0,0.0,0.0,0.0,0.0,0.0,0.0,0.0,0.06385756021030409,0.0,0.0,0.0,0.0,0.0,0.12161671149615005,0.0,0.0
1493,0.43768984052485416,-0.04397014739801818,0.07207737305303231,0.0,-0.033357926381101285,0.0,0.1385399757592718,0.0,0.0,-0.17534346988485444,-0.03329513261803919,-0.016066037653806597,0.0,0.0,0.0,0.0,0.0,0.0,0.0,0.0,-0.0288406795805399,0.0,0.0,0.0,0.0,0.0,0.0,0.0,0.0,0.0,0.0,0.0,0.0,0.0,0.0,0.0,0.0,-0.23082412159283175,0.0
552,0.0,0.0,0.0,0.0,0.0,-0.0801693438033075,-0.1266633429596913,-0.30334678818525823,0.07212079286502143,0.0,0.0,0.0,0.09124168629053522,0.0,0.0,0.0,0.03513543157814969,0.06396446956039117,0.0,0.0,0.0,0.0,0.0,0.0,0.0,0.0,0.0,0.0,0.0,0.0,0.05932364358183599,0.06728663336723689,0.0,0.0,0.0,0.0,0.10420931443183006,0.0,0.0
