term	HR	se(coef)	HR_lifelines_refit_efron	HR_low	HR_high	z	p
age	1.1334062252536516	0.058474883419478325	1.133406225502152	1.0106753714659455	1.2710408389033545	2.1415597634797994	0.03222892448246251
resting.systolic.bp	0.9532293222765943	0.04912996207024711	0.9532293221617861	0.8657208827754242	1.0495832533413996	-0.9749605006305911	0.3295798535043501
resting.hr	1.0743710097578179	0.05213608161387438	1.074371009671567	0.970009455879407	1.189960633297376	1.3759258623725756	0.16884458732808882
bmi	0.969858579517682	0.06858930356473096	0.9698585793046106	0.8478618430824251	1.109409123107943	-0.44620678523452606	0.6554478820773862
lvef.metabl	0.9243496626516432	0.050090720089487416	0.9243496633322138	0.8379131171112512	1.0197027384510249	-1.5704476850068627	0.11631099617093073
peak.rer	0.9354434882911785	0.049517526915412564	0.935443487017743	0.8489227265456967	1.0307822962456772	-1.3476954249851658	0.17775636416906931
peak.vo2	0.6849936213497281	0.09815562056662067	0.6849936198011636	0.5651143176868773	0.830303258089256	-3.8545500781117417	0.00011594265058597861
interval	0.8033308147038839	0.10208457146178444	0.8033308157796655	0.6576576587539398	0.9812710169055822	-2.1451691662992323	0.031939323921580165
bun	1.3442012703759085	0.0976537656046301	1.34420127399036	1.110046742482193	1.6277486306179507	3.029068940560255	0.0024530869715417994
sodium	0.9499224816730437	0.05208026706381769	0.9499224820453716	0.8577433558337226	1.0520078246693692	-0.9864560698365831	0.32390936232766143
hgb	1.0169490391644573	0.05516828287613013	1.0169490385286544	0.9127248240763626	1.1330746350751495	0.3046497974320125	0.760632888821352
glucose	0.9687877429936654	0.07233225553229226	0.9687877419609081	0.8407353483504763	1.1163437945307648	-0.4383900294081804	0.6611035729450749
crcl	1.0506701865964312	0.11674963992993433	1.0506701876909885	0.8357741524892269	1.3208207504560823	0.4233694817414766	0.6720257074453133
betablok	0.7698081821666981	0.09324314065948179	0.7698081811497224	0.6412299769225238	0.9241686401018723	-2.8057174898705886	0.005020468779072851
acei	1.1026137102032965	0.1251321848207636	1.10261371674603	0.8628010839987142	1.4090814567848946	0.7806422272623537	0.435012948436989
angioten.II	1.3861121054806411	0.15415306350675279	1.3861121193072024	1.0246676735342923	1.87505359729298	2.118042835020877	0.03417144013549259
anti.arrhy	1.1447855802449298	0.10262820176411663	1.1447855817272288	0.9361961854265011	1.3998497841918807	1.3175457844782907	0.18765574480263686
anti.coag	1.037637047910808	0.09354088942921078	1.0376370471679528	0.8638201286294567	1.2464292113263367	0.3949722766206482	0.6928633480940998
aspirin	0.7669808217613762	0.09936466603948184	0.7669808192169377	0.6312554579069892	0.9318883023952571	-2.6698976209713083	0.007587437769006904
digoxin	1.656090196974589	0.11185633470545181	1.6560902074072854	1.330061444563105	2.062036145985119	4.509887874297648	6.486189924689325e-06
nitrates	0.9369592397072807	0.09319557022945711	0.9369592378818249	0.7805351836834278	1.1247316351701437	-0.6986973771808912	0.48474117341506395
diuretic.thiazide	1.0820867989754201	0.13167288016484127	1.0820868002946993	0.8359531538156059	1.4006907420918704	0.5991469100678289	0.5490749220687549
insulin	1.1553478418775815	0.14471897898666025	1.15534784435689	0.8700170027663285	1.5342558101920505	0.997805979488488	0.3183734501083062
surgery.cabg	1.0492715915268462	0.118609379699471	1.0492715911775539	0.831624791449223	1.3238793304053376	0.4055008201402458	0.685109415698987
surgery.pci	0.9662477187513647	0.11698216247300007	0.966247717614946	0.7682686007111396	1.2152450990862878	-0.29350663779493674	0.769134926574695
smknow	1.096665076623216	0.11509401629990558	1.0966650795980584	0.8751969800957882	1.3741755560881688	0.8017256839196486	0.42271165539419797
q.wave.mi	1.423262537410195	0.12950973245349287	1.4232625459841797	1.1041959163568642	1.8345261423215522	2.7252917379150716	0.006424469256119326
cad	1.1645989746562864	0.122402397267014	1.1645989763494973	0.9161936862250892	1.4803537681016994	1.2448841268716528	0.2131743463969285
male	1.5739484804713129	0.12192926229442339	1.5739484885014976	1.2393790154787574	1.9988347499164265	3.7200866669097663	0.0001991544256748429
black	1.0803024262901555	0.13457030638569054	1.0803024279552622	0.8298486650476316	1.406344777067332	0.5739827001606179	0.5659795081084786
age_quad	1.0371448283978022	0.03364682887759765	1.037144828469295	0.9709551587059986	1.1078466246105108	1.0839529823221612	0.2783856462515687
bmi_quad	0.9786982847622675	0.028805994330593634	0.9786982846691213	0.9249731373063268	1.0355439458530626	-0.7474788395560756	0.4547745711909913
bun_quad	0.9769433812346161	0.01663105121250445	0.9769433802609848	0.9456120939799436	1.009312776678597	-1.4025921134257442	0.16073850492177094
crcl_quad	1.0147386918306895	0.02781120636745792	1.0147386919235535	0.9609068260849732	1.0715863233920542	0.526087677560325	0.5988272898945243
glucose_quad	1.010256980423642	0.0178720820549872	1.0102569806674337	0.9754816769230321	1.0462720019576635	0.5709874631693175	0.5680081411123485
hgb_quad	0.9924025412475701	0.02461454073603509	0.9924025411405959	0.9456619884048747	1.0414533054496151	-0.309835826245569	0.756685805908798
interval_quad	0.9106258727683068	0.04632504636852314	0.9106258726102768	0.8315876564490253	0.9971762729237418	-2.021004858453663	0.04327926215921987
lvef.metabl_quad	1.0026527296521566	0.0352870866183547	1.0026527297178234	0.9356514994808233	1.0744518626523156	0.07507611691047116	0.9401541501296558
peak.rer_quad	0.976008429012534	0.016140522628198886	0.9760084288811863	0.945615822696238	1.0073778699376996	-1.5045396618789226	0.13244246905127313
peak.vo2_quad	1.150404556361322	0.03059249632017131	1.1504045568024903	1.0834533412224243	1.2214929743248115	4.580001173150554	4.64973321880754e-06
resting.hr_quad	1.0026493267506844	0.03183976601162075	1.0026493268975132	0.9419915534667711	1.0672130435015612	0.08309808609256246	0.9337735476614549
resting.systolic.bp_quad	1.0092157544232854	0.032407890987836134	1.0092157543393843	0.9471055348521835	1.075399098967122	0.28306526910733126	0.7771268044553313
sodium_quad	0.9781865143816887	0.01640343108743016	0.9781865144070938	0.9472378542742251	1.0101463456620812	-1.3445307256091406	0.1787768275790968
