model,term,test_statistic,p
Cox_org,age,3.707610802852683,0.054164870754205875
Cox_org,resting.systolic.bp,1.8806046694966754,0.17026543902286512
Cox_org,resting.hr,0.3190059846681488,0.5722056249473195
Cox_org,bmi,0.12111540385403945,0.7278278787212207
Cox_org,lvef.metabl,2.542456226239365,0.11082226778333922
Cox_org,peak.rer,2.1035829034560725,0.14695442987942856
Cox_org,peak.vo2,3.7557290664535263,0.05262684036890851
Cox_org,interval,0.07422929633271066,0.7852756171478248
Cox_org,bun,0.5193751094757134,0.4711083642686129
Cox_org,sodium,1.526108675463004,0.21669740394911444
Cox_org,hgb,1.4420520485484962,0.22980756286511125
Cox_org,glucose,0.04694983136492678,0.8284584386705897
Cox_org,crcl,0.2195685264923889,0.639368876345961
Cox_org,betablok,0.5068149687282788,0.47652089182729296
Cox_org,dilver,0.024607298367728007,0.875349560796663
Cox_org,nifed,0.09930059632975331,0.7526705655045575
Cox_org,acei,0.18399961751423488,0.66795832688357
Cox_org,angioten.II,1.689394573640678,0.19368079691219747
Cox_org,anti.arrhy,0.10368766484137619,0.7474483833912808
Cox_org,anti.coag,4.679101044487646,0.030531721752909604
Cox_org,aspirin,2.4443604478415164,0.11794794917839292
Cox_org,digoxin,0.16651790552018547,0.6832251801282345
Cox_org,nitrates,0.001435573587510207,0.9697762122421758
Cox_org,vasodilator,0.03182264451623533,0.8584174672422308
Cox_org,diuretic.loop,0.20017102145339202,0.6545828378370582
Cox_org,diuretic.thiazide,0.7937530723437022,0.3729676860519574
Cox_org,diuretic.potassium.spar,0.6880572074205767,0.40682598359860844
Cox_org,lipidrx.statin,0.6295065096465541,0.4275363871718466
Cox_org,insulin,4.354467482965321,0.036911997605139024
Cox_org,surgery.pacemaker,0.08203968601099405,0.7745520872452196
Cox_org,surgery.cabg,2.791604726801866,0.09475929130212599
Cox_org,surgery.pci,0.5924411822539465,0.4414766782551337
Cox_org,surgery.aicd.implant,0.2378243126114067,0.6257819457919731
Cox_org,smknow,6.646413141417976,0.009935564146645658
Cox_org,q.wave.mi,0.5987149876294463,0.43906873694511694
Cox_org,niddm,9.09250184255934,0.0025665953987775514
Cox_org,cad,0.16863395681853643,0.6813287178357539
Cox_org,male,3.521726442302923,0.06056932385770395
Cox_org,black,1.175403444186868,0.27829375345987123
Cox_all,age,4.441089584426623,0.035083849925399334
Cox_all,resting.systolic.bp,2.230593320681893,0.1353018821486211
Cox_all,resting.hr,0.024489606094142864,0.8756455771125808
Cox_all,bmi,0.3399858816268514,0.5598373714223095
Cox_all,lvef.metabl,1.2174032118383313,0.26987087538729015
Cox_all,peak.rer,1.2006752349703445,0.2731867623435633
Cox_all,peak.vo2,5.191713621129028,0.022694827752906675
Cox_all,interval,0.08785375102629263,0.7669236063962543
Cox_all,bun,0.023130087266302987,0.8791192724245268
Cox_all,sodium,2.9884639920716363,0.08385967822862996
Cox_all,hgb,0.5698847215313806,0.4503047286070344
Cox_all,glucose,0.14936599105232753,0.6991419776263605
Cox_all,crcl,0.15181919634093355,0.6968028960099566
Cox_all,betablok,0.9016616183906093,0.34233656061030127
Cox_all,acei,0.13078727859569378,0.7176171540894432
Cox_all,angioten.II,1.3514761434882938,0.24502022112785843
Cox_all,anti.arrhy,0.1968947075123946,0.6572391110422685
Cox_all,anti.coag,4.630623526539251,0.03140614801438948
Cox_all,aspirin,2.6755246909359087,0.10190173656985067
Cox_all,digoxin,0.11422357991911641,0.7353859526213274
Cox_all,nitrates,0.23079315860295,0.630936336028904
Cox_all,diuretic.thiazide,1.2527525649052507,0.26302740278951264
Cox_all,insulin,2.6570572448168366,0.10309130316400052
Cox_all,surgery.cabg,3.1461338283233102,0.07610708852825104
Cox_all,surgery.pci,0.63992616351863,0.4237375356877482
Cox_all,smknow,6.078497496452659,0.013683710522956923
Cox_all,q.wave.mi,0.7119175595450165,0.39880796268179364
Cox_all,cad,0.6042383201929952,0.43696546893237675
Cox_all,male,2.9987332881212447,0.08332964484527232
Cox_all,black,0.8226791744623883,0.3643980009487471
Cox_all,age_quad,7.143134129100375e-05,0.9932565942225031
Cox_all,bmi_quad,0.10229203071226589,0.7490962541596425
Cox_all,bun_quad,0.3805220454285165,0.5373239788408254
Cox_all,crcl_quad,0.029017788457173538,0.8647379707588502
Cox_all,glucose_quad,0.16892107059795766,0.6810724717252687
Cox_all,hgb_quad,0.21646341531279126,0.6417479325180204
Cox_all,interval_quad,2.1261273483001886,0.14480620194130325
Cox_all,lvef.metabl_quad,0.27155582040575604,0.6022900192510452
Cox_all,peak.rer_quad,0.5499547254736832,0.45833619386807145
Cox_all,peak.vo2_quad,1.8873833283770245,0.16949735170691643
Cox_all,resting.hr_quad,0.7827119683151558,0.3763130046886146
Cox_all,resting.systolic.bp_quad,0.18615168001797716,0.6661390293857379
Cox_all,sodium_quad,0.09610533628836854,0.7565544113024082
Cox_all_confirmed,age,4.603883604840039,0.031899616648017555
Cox_all_confirmed,resting.systolic.bp,2.152574225579595,0.14233107463893196
Cox_all_confirmed,resting.hr,0.385809484876019,0.5345103804598649
Cox_all_confirmed,bmi,0.38406910723699905,0.5354335241230348
Cox_all_confirmed,lvef.metabl,0.9238594513464464,0.33646364275055624
Cox_all_confirmed,peak.rer,1.3651634444141507,0.24264461222237604
Cox_all_confirmed,peak.vo2,4.964502400707365,0.025872758293899154
Cox_all_confirmed,interval,0.04754574952465366,0.8273902488488178
Cox_all_confirmed,bun,0.010492279240015018,0.9184139220106134
Cox_all_confirmed,sodium,2.7329060775212404,0.09830026842145777
Cox_all_confirmed,hgb,0.5166457535384837,0.47227602585666084
Cox_all_confirmed,glucose,0.17083607094268308,0.6793698314718466
Cox_all_confirmed,crcl,0.13332696212546716,0.7150071667030036
Cox_all_confirmed,betablok,0.7246030269715745,0.3946381709996927
Cox_all_confirmed,acei,0.11097575749431436,0.7390359728027167
Cox_all_confirmed,angioten.II,1.3679583687706551,0.24216297411488125
Cox_all_confirmed,anti.arrhy,0.28244426578112014,0.5951036155258206
Cox_all_confirmed,anti.coag,4.464792492080557,0.03460029208960088
Cox_all_confirmed,aspirin,2.401021274738283,0.12125606651330749
Cox_all_confirmed,digoxin,0.057668841940298456,0.810219107219004
Cox_all_confirmed,nitrates,0.37239198086745057,0.5417033119452807
Cox_all_confirmed,diuretic.thiazide,1.2163716928668071,0.2700738858162303
Cox_all_confirmed,insulin,2.6579366462332663,0.10303431394337742
Cox_all_confirmed,surgery.cabg,3.318218655238443,0.06851603040269885
Cox_all_confirmed,surgery.pci,0.7320283456684088,0.3922265118027358
Cox_all_confirmed,smknow,6.198595254753875,0.012785174507407243
Cox_all_confirmed,q.wave.mi,0.581650767132727,0.44566599940653717
Cox_all_confirmed,cad,0.6399516650929831,0.42372830047661103
Cox_all_confirmed,male,3.172910584094577,0.07486891344806584
Cox_all_confirmed,black,0.4084196591802255,0.5227727156731441
Cox_all_confirmed,age_quad,0.01000035783620681,0.9203429050188372
Cox_all_confirmed,bmi_quad,0.0933586134716751,0.7599500227080224
Cox_all_confirmed,bun_quad,0.569210622112802,0.45057276471350083
Cox_all_confirmed,crcl_quad,0.019717292726966984,0.8883295173654607
Cox_all_confirmed,glucose_quad,0.13120907994201303,0.7171817027224154
Cox_all_confirmed,hgb_quad,0.4064662716649546,0.5237685574914936
Cox_all_confirmed,interval_quad,2.0841551546210533,0.14883454487660364
Cox_all_confirmed,lvef.metabl_quad,0.19125132228880426,0.6618771871635769
Cox_all_confirmed,peak.rer_quad,0.5173850491563649,0.4719592821246922
Cox_all_confirmed,peak.vo2_quad,1.7649968348162612,0.18400247410532716
Cox_all_confirmed,resting.hr_quad,1.6051205922244989,0.20517905507567688
Cox_all_confirmed,resting.systolic.bp_quad,0.17714497524384692,0.6738383718977683
Cox_all_confirmed,sodium_quad,0.09540748959097581,0.7574120289063768
Cox_all_confirmed,betablok__x__resting.hr,1.4121932960400032,0.23469263462924275
