kind,item,frequency,in_main_run
exclusion,black,0.026,False
exclusion,dilver,1.0,True
exclusion,diuretic.loop,1.0,True
exclusion,diuretic.potassium.spar,0.986,True
exclusion,lipidrx.statin,1.0,True
exclusion,niddm,1.0,True
exclusion,nifed,1.0,True
exclusion,nitrates,0.034,False
exclusion,surgery.aicd.implant,1.0,True
exclusion,surgery.pacemaker,1.0,True
exclusion,vasodilator,0.71,True
nonlinear,age,1.0,True
nonlinear,bmi,1.0,True
nonlinear,bun,1.0,True
nonlinear,crcl,1.0,True
nonlinear,glucose,1.0,True
nonlinear,hgb,1.0,True
nonlinear,interval,1.0,True
nonlinear,lvef.metabl,1.0,True
nonlinear,peak.rer,0.988,True
nonlinear,peak.vo2,1.0,True
nonlinear,resting.hr,1.0,True
nonlinear,resting.systolic.bp,1.0,True
nonlinear,sodium,1.0,True
interaction_screened,acei||age,0.02,False
interaction_screened,acei||angioten.II,0.026,False
interaction_screened,acei||anti.arrhy,0.65,True
interaction_screened,acei||anti.coag,0.512,False
interaction_screened,acei||aspirin,0.262,False
interaction_screened,acei||betablok,0.316,False
interaction_screened,acei||black,0.272,False
interaction_screened,acei||bmi,0.01,False
interaction_screened,acei||bun,0.006,False
interaction_screened,acei||cad,0.7,True
interaction_screened,acei||crcl,0.006,False
interaction_screened,acei||digoxin,0.856,True
interaction_screened,acei||diuretic.potassium.spar,0.008,False
interaction_screened,acei||diuretic.thiazide,0.126,False
interaction_screened,acei||glucose,0.016,False
interaction_screened,acei||hgb,0.012,False
interaction_screened,acei||insulin,0.106,False
interaction_screened,acei||interval,0.08,False
interaction_screened,acei||lvef.metabl,0.006,False
interaction_screened,acei||male,0.156,False
interaction_screened,acei||nitrates,0.328,False
interaction_screened,acei||peak.rer,0.004,False
interaction_screened,acei||peak.vo2,0.01,False
interaction_screened,acei||q.wave.mi,0.542,False
interaction_screened,acei||resting.hr,0.01,False
interaction_screened,acei||resting.systolic.bp,0.018,False
interaction_screened,acei||smknow,0.116,False
interaction_screened,acei||sodium,0.008,False
interaction_screened,acei||surgery.cabg,0.606,False
interaction_screened,acei||surgery.pci,0.238,False
interaction_screened,acei||vasodilator,0.002,False
interaction_screened,age||angioten.II,0.006,False
interaction_screened,age||anti.arrhy,0.006,False
interaction_screened,age||anti.coag,0.476,True
interaction_screened,age||aspirin,0.012,False
interaction_screened,age||betablok,0.014,False
interaction_screened,age||bmi,0.022,False
interaction_screened,age||bun,0.2,False
interaction_screened,age||cad,0.134,False
interaction_screened,age||crcl,0.198,False
interaction_screened,age||digoxin,0.042,False
interaction_screened,age||diuretic.potassium.spar,0.002,False
interaction_screened,age||glucose,0.108,False
interaction_screened,age||hgb,0.034,False
interaction_screened,age||interval,0.02,False
interaction_screened,age||lvef.metabl,0.022,False
interaction_screened,age||male,0.214,False
interaction_screened,age||nitrates,0.002,False
interaction_screened,age||peak.rer,0.086,False
interaction_screened,age||peak.vo2,0.094,False
interaction_screened,age||resting.hr,0.022,False
interaction_screened,age||resting.systolic.bp,0.01,False
interaction_screened,age||smknow,0.002,False
interaction_screened,age||sodium,0.334,True
interaction_screened,age||surgery.cabg,0.016,False
interaction_screened,angioten.II||anti.arrhy,0.636,False
interaction_screened,angioten.II||anti.coag,0.276,False
interaction_screened,angioten.II||aspirin,0.718,False
interaction_screened,angioten.II||betablok,0.056,False
interaction_screened,angioten.II||black,0.016,False
interaction_screened,angioten.II||bmi,0.004,False
interaction_screened,angioten.II||bun,0.01,False
interaction_screened,angioten.II||cad,0.728,False
interaction_screened,angioten.II||crcl,0.012,False
interaction_screened,angioten.II||digoxin,0.822,True
interaction_screened,angioten.II||diuretic.potassium.spar,0.014,False
interaction_screened,angioten.II||diuretic.thiazide,0.528,False
interaction_screened,angioten.II||glucose,0.016,False
interaction_screened,angioten.II||hgb,0.008,False
interaction_screened,angioten.II||insulin,0.076,False
interaction_screened,angioten.II||interval,0.01,False
interaction_screened,angioten.II||lvef.metabl,0.004,False
interaction_screened,angioten.II||male,0.064,False
interaction_screened,angioten.II||nitrates,0.258,False
interaction_screened,angioten.II||peak.rer,0.006,False
interaction_screened,angioten.II||peak.vo2,0.008,False
interaction_screened,angioten.II||q.wave.mi,0.222,False
interaction_screened,angioten.II||resting.hr,0.006,False
interaction_screened,angioten.II||resting.systolic.bp,0.008,False
interaction_screened,angioten.II||smknow,0.168,False
interaction_screened,angioten.II||sodium,0.008,False
interaction_screened,angioten.II||surgery.cabg,0.88,True
interaction_screened,angioten.II||surgery.pci,0.302,False
interaction_screened,anti.arrhy||anti.coag,0.906,True
interaction_screened,anti.arrhy||aspirin,0.786,False
interaction_screened,anti.arrhy||betablok,0.302,False
interaction_screened,anti.arrhy||black,0.056,False
interaction_screened,anti.arrhy||bmi,0.004,False
interaction_screened,anti.arrhy||bun,0.018,False
interaction_screened,anti.arrhy||cad,0.772,True
interaction_screened,anti.arrhy||crcl,0.016,False
interaction_screened,anti.arrhy||digoxin,0.31,False
interaction_screened,anti.arrhy||diuretic.thiazide,0.732,True
interaction_screened,anti.arrhy||glucose,0.006,False
interaction_screened,anti.arrhy||hgb,0.016,False
interaction_screened,anti.arrhy||insulin,0.726,True
interaction_screened,anti.arrhy||interval,0.022,False
interaction_screened,anti.arrhy||lvef.metabl,0.024,False
interaction_screened,anti.arrhy||male,0.468,False
interaction_screened,anti.arrhy||nitrates,0.132,False
interaction_screened,anti.arrhy||peak.rer,0.004,False
interaction_screened,anti.arrhy||peak.vo2,0.04,False
interaction_screened,anti.arrhy||q.wave.mi,0.746,True
interaction_screened,anti.arrhy||resting.hr,0.006,False
interaction_screened,anti.arrhy||resting.systolic.bp,0.014,False
interaction_screened,anti.arrhy||smknow,0.118,False
interaction_screened,anti.arrhy||sodium,0.016,False
interaction_screened,anti.arrhy||surgery.cabg,0.748,True
interaction_screened,anti.arrhy||surgery.pci,0.326,False
interaction_screened,anti.arrhy||vasodilator,0.01,False
interaction_screened,anti.coag||aspirin,0.07,False
interaction_screened,anti.coag||betablok,0.766,True
interaction_screened,anti.coag||black,0.16,False
interaction_screened,anti.coag||bmi,0.032,False
interaction_screened,anti.coag||bun,0.11,False
interaction_screened,anti.coag||cad,0.76,False
interaction_screened,anti.coag||crcl,0.104,False
interaction_screened,anti.coag||digoxin,0.068,False
interaction_screened,anti.coag||diuretic.thiazide,0.286,False
interaction_screened,anti.coag||glucose,0.102,False
interaction_screened,anti.coag||hgb,0.024,False
interaction_screened,anti.coag||insulin,0.554,False
interaction_screened,anti.coag||interval,0.032,False
interaction_screened,anti.coag||lvef.metabl,0.164,False
interaction_screened,anti.coag||male,0.108,False
interaction_screened,anti.coag||nitrates,0.966,True
interaction_screened,anti.coag||peak.rer,0.492,False
interaction_screened,anti.coag||peak.vo2,0.024,False
interaction_screened,anti.coag||q.wave.mi,0.462,False
interaction_screened,anti.coag||resting.hr,0.086,False
interaction_screened,anti.coag||resting.systolic.bp,0.024,False
interaction_screened,anti.coag||smknow,0.024,False
interaction_screened,anti.coag||sodium,0.038,False
interaction_screened,anti.coag||surgery.cabg,0.506,False
interaction_screened,anti.coag||surgery.pci,0.554,False
interaction_screened,anti.coag||vasodilator,0.002,False
interaction_screened,aspirin||betablok,0.988,True
interaction_screened,aspirin||black,0.946,True
interaction_screened,aspirin||bmi,0.062,False
interaction_screened,aspirin||bun,0.732,True
interaction_screened,aspirin||cad,0.348,False
interaction_screened,aspirin||crcl,0.058,False
interaction_screened,aspirin||digoxin,0.926,True
interaction_screened,aspirin||diuretic.thiazide,0.996,True
interaction_screened,aspirin||glucose,0.242,False
interaction_screened,aspirin||hgb,0.004,False
interaction_screened,aspirin||insulin,0.044,False
interaction_screened,aspirin||interval,0.034,False
interaction_screened,aspirin||lvef.metabl,0.016,False
interaction_screened,aspirin||male,0.312,False
interaction_screened,aspirin||nitrates,0.18,False
interaction_screened,aspirin||peak.rer,0.236,False
interaction_screened,aspirin||peak.vo2,0.032,False
interaction_screened,aspirin||q.wave.mi,0.406,False
interaction_screened,aspirin||resting.hr,0.056,False
interaction_screened,aspirin||resting.systolic.bp,0.056,False
interaction_screened,aspirin||smknow,0.562,False
interaction_screened,aspirin||sodium,0.004,False
interaction_screened,aspirin||surgery.cabg,0.376,False
interaction_screened,aspirin||surgery.pci,0.682,False
interaction_screened,betablok||black,0.068,False
interaction_screened,betablok||bmi,0.172,False
interaction_screened,betablok||bun,0.092,False
interaction_screened,betablok||cad,0.696,False
interaction_screened,betablok||crcl,0.108,False
interaction_screened,betablok||digoxin,0.316,False
interaction_screened,betablok||diuretic.potassium.spar,0.006,False
interaction_screened,betablok||diuretic.thiazide,0.136,False
interaction_screened,betablok||glucose,0.03,False
interaction_screened,betablok||hgb,0.062,False
interaction_screened,betablok||insulin,0.946,True
interaction_screened,betablok||interval,0.566,False
interaction_screened,betablok||lvef.metabl,0.008,False
interaction_screened,betablok||male,0.158,False
interaction_screened,betablok||nitrates,0.104,False
interaction_screened,betablok||peak.rer,0.044,False
interaction_screened,betablok||peak.vo2,0.026,False
interaction_screened,betablok||q.wave.mi,0.176,False
interaction_screened,betablok||resting.hr,0.904,True
interaction_screened,betablok||resting.systolic.bp,0.062,False
interaction_screened,betablok||smknow,0.842,True
interaction_screened,betablok||sodium,0.742,True
interaction_screened,betablok||surgery.cabg,0.588,False
interaction_screened,betablok||surgery.pci,0.604,False
interaction_screened,betablok||vasodilator,0.002,False
interaction_screened,black||cad,0.002,False
interaction_screened,black||digoxin,0.132,False
interaction_screened,black||diuretic.thiazide,0.016,False
interaction_screened,black||hgb,0.002,False
interaction_screened,black||insulin,0.006,False
interaction_screened,black||male,0.108,False
interaction_screened,black||nitrates,0.062,False
interaction_screened,black||peak.rer,0.002,False
interaction_screened,black||q.wave.mi,0.004,False
interaction_screened,black||resting.hr,0.002,False
interaction_screened,black||smknow,0.262,False
interaction_screened,black||surgery.pci,0.006,False
interaction_screened,bmi||bun,0.326,False
interaction_screened,bmi||cad,0.012,False
interaction_screened,bmi||crcl,0.094,False
interaction_screened,bmi||digoxin,0.18,False
interaction_screened,bmi||glucose,0.024,False
interaction_screened,bmi||hgb,0.012,False
interaction_screened,bmi||interval,0.058,False
interaction_screened,bmi||lvef.metabl,0.062,False
interaction_screened,bmi||male,0.016,False
interaction_screened,bmi||peak.rer,0.018,False
interaction_screened,bmi||peak.vo2,0.012,False
interaction_screened,bmi||resting.hr,0.01,False
interaction_screened,bmi||resting.systolic.bp,0.032,False
interaction_screened,bmi||smknow,0.004,False
interaction_screened,bmi||sodium,0.036,False
interaction_screened,bmi||surgery.cabg,0.012,False
interaction_screened,bmi||surgery.pci,0.004,False
interaction_screened,bun||cad,0.158,False
interaction_screened,bun||crcl,0.074,False
interaction_screened,bun||digoxin,0.202,False
interaction_screened,bun||diuretic.potassium.spar,0.002,False
interaction_screened,bun||glucose,0.032,False
interaction_screened,bun||hgb,0.008,False
interaction_screened,bun||interval,0.328,False
interaction_screened,bun||lvef.metabl,0.01,False
interaction_screened,bun||male,0.028,False
interaction_screened,bun||nitrates,0.05,False
interaction_screened,bun||peak.rer,0.014,False
interaction_screened,bun||peak.vo2,0.098,False
interaction_screened,bun||resting.hr,0.022,False
interaction_screened,bun||resting.systolic.bp,0.044,False
interaction_screened,bun||smknow,0.004,False
interaction_screened,bun||sodium,0.092,False
interaction_screened,bun||surgery.cabg,0.012,False
interaction_screened,bun||surgery.pci,0.004,False
interaction_screened,cad||crcl,0.024,False
interaction_screened,cad||digoxin,0.54,False
interaction_screened,cad||diuretic.potassium.spar,0.012,False
interaction_screened,cad||diuretic.thiazide,0.374,False
interaction_screened,cad||glucose,0.172,False
interaction_screened,cad||hgb,0.014,False
interaction_screened,cad||insulin,0.194,False
interaction_screened,cad||interval,0.336,False
interaction_screened,cad||lvef.metabl,0.314,False
interaction_screened,cad||male,0.336,False
interaction_screened,cad||nitrates,0.258,False
interaction_screened,cad||peak.rer,0.034,False
interaction_screened,cad||peak.vo2,0.128,False
interaction_screened,cad||q.wave.mi,0.762,True
interaction_screened,cad||resting.hr,0.06,False
interaction_screened,cad||resting.systolic.bp,0.198,False
interaction_screened,cad||smknow,0.116,False
interaction_screened,cad||sodium,0.094,False
interaction_screened,cad||surgery.cabg,0.246,False
interaction_screened,cad||surgery.pci,0.044,False
interaction_screened,crcl||digoxin,0.032,False
interaction_screened,crcl||glucose,0.046,False
interaction_screened,crcl||hgb,0.11,False
interaction_screened,crcl||interval,0.082,False
interaction_screened,crcl||lvef.metabl,0.166,False
interaction_screened,crcl||male,0.036,False
interaction_screened,crcl||nitrates,0.008,False
interaction_screened,crcl||peak.rer,0.052,False
interaction_screened,crcl||peak.vo2,0.018,False
interaction_screened,crcl||resting.hr,0.052,False
interaction_screened,crcl||resting.systolic.bp,0.002,False
interaction_screened,crcl||sodium,0.026,False
interaction_screened,crcl||surgery.cabg,0.062,False
interaction_screened,crcl||surgery.pci,0.002,False
interaction_screened,digoxin||diuretic.thiazide,0.228,False
interaction_screened,digoxin||glucose,0.016,False
interaction_screened,digoxin||hgb,0.014,False
interaction_screened,digoxin||insulin,0.244,False
interaction_screened,digoxin||interval,0.03,False
interaction_screened,digoxin||lvef.metabl,0.024,False
interaction_screened,digoxin||male,0.622,False
interaction_screened,digoxin||nitrates,0.162,False
interaction_screened,digoxin||peak.rer,0.004,False
interaction_screened,digoxin||peak.vo2,0.016,False
interaction_screened,digoxin||q.wave.mi,0.984,True
interaction_screened,digoxin||resting.hr,0.006,False
interaction_screened,digoxin||resting.systolic.bp,0.012,False
interaction_screened,digoxin||smknow,0.108,False
interaction_screened,digoxin||sodium,0.014,False
interaction_screened,digoxin||surgery.cabg,0.322,False
interaction_screened,digoxin||surgery.pci,0.29,False
interaction_screened,digoxin||vasodilator,0.002,False
interaction_screened,diuretic.potassium.spar||insulin,0.014,False
interaction_screened,diuretic.potassium.spar||q.wave.mi,0.006,False
interaction_screened,diuretic.potassium.spar||surgery.cabg,0.014,False
interaction_screened,diuretic.potassium.spar||surgery.pci,0.002,False
interaction_screened,diuretic.thiazide||insulin,0.296,False
interaction_screened,diuretic.thiazide||male,0.108,False
interaction_screened,diuretic.thiazide||nitrates,0.076,False
interaction_screened,diuretic.thiazide||q.wave.mi,0.382,False
interaction_screened,diuretic.thiazide||smknow,0.086,False
interaction_screened,diuretic.thiazide||surgery.cabg,0.44,False
interaction_screened,diuretic.thiazide||surgery.pci,0.256,False
interaction_screened,glucose||hgb,0.036,False
interaction_screened,glucose||interval,0.018,False
interaction_screened,glucose||lvef.metabl,0.026,False
interaction_screened,glucose||male,0.01,False
interaction_screened,glucose||nitrates,0.008,False
interaction_screened,glucose||peak.rer,0.166,False
interaction_screened,glucose||peak.vo2,0.006,False
interaction_screened,glucose||resting.hr,0.104,False
interaction_screened,glucose||resting.systolic.bp,0.028,False
interaction_screened,glucose||smknow,0.034,False
interaction_screened,glucose||sodium,0.02,False
interaction_screened,glucose||surgery.cabg,0.018,False
interaction_screened,glucose||surgery.pci,0.004,False
interaction_screened,hgb||interval,0.008,False
interaction_screened,hgb||lvef.metabl,0.024,False
interaction_screened,hgb||male,0.156,False
interaction_screened,hgb||nitrates,0.012,False
interaction_screened,hgb||peak.rer,0.016,False
interaction_screened,hgb||peak.vo2,0.054,False
interaction_screened,hgb||resting.hr,0.036,False
interaction_screened,hgb||resting.systolic.bp,0.028,False
interaction_screened,hgb||smknow,0.064,False
interaction_screened,hgb||sodium,0.026,False
interaction_screened,hgb||surgery.cabg,0.01,False
interaction_screened,insulin||male,0.212,False
interaction_screened,insulin||nitrates,0.092,False
interaction_screened,insulin||q.wave.mi,0.206,False
interaction_screened,insulin||smknow,0.006,False
interaction_screened,insulin||surgery.cabg,0.066,False
interaction_screened,insulin||surgery.pci,0.104,False
interaction_screened,interval||lvef.metabl,0.01,False
interaction_screened,interval||male,0.548,True
interaction_screened,interval||nitrates,0.002,False
interaction_screened,interval||peak.rer,0.006,False
interaction_screened,interval||peak.vo2,0.13,False
interaction_screened,interval||resting.hr,0.016,False
interaction_screened,interval||resting.systolic.bp,0.034,False
interaction_screened,interval||smknow,0.12,False
interaction_screened,interval||sodium,0.12,False
interaction_screened,interval||surgery.cabg,0.384,True
interaction_screened,interval||surgery.pci,0.002,False
interaction_screened,lvef.metabl||male,0.016,False
interaction_screened,lvef.metabl||nitrates,0.002,False
interaction_screened,lvef.metabl||peak.rer,0.194,False
interaction_screened,lvef.metabl||peak.vo2,0.008,False
interaction_screened,lvef.metabl||resting.hr,0.034,False
interaction_screened,lvef.metabl||resting.systolic.bp,0.004,False
interaction_screened,lvef.metabl||smknow,0.052,False
interaction_screened,lvef.metabl||sodium,0.116,False
interaction_screened,lvef.metabl||surgery.cabg,0.02,False
interaction_screened,male||nitrates,0.02,False
interaction_screened,male||peak.rer,0.008,False
interaction_screened,male||peak.vo2,0.122,False
interaction_screened,male||q.wave.mi,0.036,False
interaction_screened,male||resting.hr,0.032,False
interaction_screened,male||resting.systolic.bp,0.004,False
interaction_screened,male||smknow,0.33,False
interaction_screened,male||sodium,0.016,False
interaction_screened,male||surgery.cabg,0.102,False
interaction_screened,male||surgery.pci,0.222,False
interaction_screened,male||vasodilator,0.004,False
interaction_screened,nitrates||peak.rer,0.002,False
interaction_screened,nitrates||peak.vo2,0.008,False
interaction_screened,nitrates||q.wave.mi,0.32,False
interaction_screened,nitrates||resting.hr,0.004,False
interaction_screened,nitrates||smknow,0.092,False
interaction_screened,nitrates||sodium,0.004,False
interaction_screened,nitrates||surgery.cabg,0.056,False
interaction_screened,nitrates||surgery.pci,0.186,False
interaction_screened,nitrates||vasodilator,0.002,False
interaction_screened,peak.rer||peak.vo2,0.158,False
interaction_screened,peak.rer||resting.hr,0.062,False
interaction_screened,peak.rer||resting.systolic.bp,0.004,False
interaction_screened,peak.rer||smknow,0.004,False
interaction_screened,peak.rer||sodium,0.012,False
interaction_screened,peak.rer||surgery.cabg,0.024,False
interaction_screened,peak.rer||surgery.pci,0.004,False
interaction_screened,peak.vo2||resting.hr,0.116,False
interaction_screened,peak.vo2||resting.systolic.bp,0.108,False
interaction_screened,peak.vo2||sodium,0.012,False
interaction_screened,peak.vo2||surgery.cabg,0.028,False
interaction_screened,peak.vo2||surgery.pci,0.018,False
interaction_screened,q.wave.mi||smknow,0.04,False
interaction_screened,q.wave.mi||surgery.cabg,0.45,False
interaction_screened,q.wave.mi||surgery.pci,0.158,False
interaction_screened,q.wave.mi||vasodilator,0.002,False
interaction_screened,resting.hr||resting.systolic.bp,0.02,False
interaction_screened,resting.hr||smknow,0.024,False
interaction_screened,resting.hr||sodium,0.052,False
interaction_screened,resting.hr||surgery.cabg,0.016,False
interaction_screened,resting.hr||surgery.pci,0.004,False
interaction_screened,resting.systolic.bp||smknow,0.004,False
interaction_screened,resting.systolic.bp||sodium,0.088,False
interaction_screened,resting.systolic.bp||surgery.cabg,0.014,False
interaction_screened,smknow||sodium,0.004,False
interaction_screened,smknow||surgery.cabg,0.24,False
interaction_screened,smknow||surgery.pci,0.026,False
interaction_screened,smknow||vasodilator,0.038,False
interaction_screened,sodium||surgery.cabg,0.016,False
interaction_screened,surgery.cabg||surgery.pci,0.126,False
interaction_confirmed,betablok||resting.hr,0.904,True
interaction_confirmed,nitrates||sodium,0.004,False
