,coef
age,0.12522745728607584
resting.systolic.bp,-0.04789977229552884
resting.hr,0.07173538313557738
bmi,-0.030605012425400428
lvef.metabl,-0.07866485614113193
peak.rer,-0.06673454311916395
peak.vo2,-0.37834575266147497
interval,-0.2189886763938419
bun,0.29579998563281507
sodium,-0.05137489595576927
hgb,0.01680700682809146
glucose,-0.03170973856393106
crcl,0.049428233508869816
betablok,-0.2616139092376946
acei,0.0976834615268452
angioten.II,0.32650278168192887
anti.arrhy,0.13521735330807258
anti.coag,0.03694605877088603
aspirin,-0.26529348214994775
digoxin,0.504459521251902
nitrates,-0.06511549853592262
diuretic.thiazide,0.07889139807129708
insulin,0.14440146043241717
surgery.cabg,0.048096201077351644
surgery.pci,-0.03433504001331594
smknow,0.09227382622047478
q.wave.mi,0.3529517978109192
cad,0.15237679999484355
male,0.453587417865692
black,0.07724102627936635
age_quad,0.03647158043862313
bmi_quad,-0.021531871119317446
bun_quad,-0.023326580272028635
crcl_quad,0.014631132876491768
glucose_quad,0.010204734552814477
hgb_quad,-0.007626466458811507
interval_quad,-0.09362314360533655
lvef.metabl_quad,0.0026492173748963632
peak.rer_quad,-0.024284056323003008
peak.vo2_quad,0.14011366865249889
resting.hr_quad,0.002645823470759874
resting.systolic.bp_quad,0.009173548466807832
sodium_quad,-0.02205491712843367
