scenario,explainer,feature,shape,no_effect,reps,excluded
additive,oracle,old,lin,False,200,0.0
additive,oracle,comorb,lin,False,200,0.0
additive,oracle,x1,lin,False,200,0.0
additive,oracle,x2,quad,False,200,0.0
additive,oracle,b2,lin,False,200,0.0
additive,oracle,z,none,True,200,1.0
additive,rsf,old,lin,False,200,0.0
additive,rsf,comorb,lin,False,200,0.125
additive,rsf,x1,lin,False,200,0.0
additive,rsf,x2,quad,False,200,0.0
additive,rsf,b2,lin,False,200,0.0
additive,rsf,z,none,True,200,0.0
nonlinear shapes,oracle,null,none,True,200,1.0
nonlinear shapes,oracle,lin,lin,False,200,0.0
nonlinear shapes,oracle,quad,quad,False,200,0.0
nonlinear shapes,oracle,hinge,hinge,False,200,0.0
nonlinear shapes,oracle,sine,sine,False,200,0.0
nonlinear shapes,oracle,cat,levels,False,200,0.0
nonlinear shapes,oracle,ordlin,lin,False,200,0.0
nonlinear shapes,oracle,bin,lin,False,200,0.0
nonlinear shapes,rsf,null,none,True,199,0.0
nonlinear shapes,rsf,lin,lin,False,199,0.0
nonlinear shapes,rsf,quad,quad,False,199,0.0
nonlinear shapes,rsf,hinge,hinge,False,199,0.0
nonlinear shapes,rsf,sine,sine,False,199,0.0
nonlinear shapes,rsf,cat,levels,False,199,0.0
nonlinear shapes,rsf,ordlin,lin,False,199,0.0
nonlinear shapes,rsf,bin,lin,False,199,0.0
old x comorb,oracle,old,lin,False,100,0.0
old x comorb,oracle,comorb,lin,False,100,0.0
old x comorb,oracle,x1,lin,False,100,0.0
old x comorb,oracle,x2,quad,False,100,0.0
old x comorb,oracle,b2,lin,False,100,0.0
old x comorb,oracle,z,none,True,100,1.0
old x comorb,rsf,old,lin,False,100,0.0
old x comorb,rsf,comorb,lin,False,100,0.41
old x comorb,rsf,x1,lin,False,100,0.0
old x comorb,rsf,x2,quad,False,100,0.0
old x comorb,rsf,b2,lin,False,100,0.0
old x comorb,rsf,z,none,True,100,0.0
old x x1,oracle,old,lin,False,100,0.0
old x x1,oracle,comorb,lin,False,100,0.0
old x x1,oracle,x1,lin,False,100,0.0
old x x1,oracle,x2,quad,False,100,0.0
old x x1,oracle,b2,lin,False,100,0.0
old x x1,oracle,z,none,True,100,1.0
old x x1,rsf,old,lin,False,100,0.0
old x x1,rsf,comorb,lin,False,100,0.0
old x x1,rsf,x1,lin,False,100,0.0
old x x1,rsf,x2,quad,False,100,0.0
old x x1,rsf,b2,lin,False,100,0.0
old x x1,rsf,z,none,True,100,0.0
x1 x x2,oracle,old,lin,False,100,0.0
x1 x x2,oracle,comorb,lin,False,100,0.0
x1 x x2,oracle,x1,lin,False,100,0.0
x1 x x2,oracle,x2,quad,False,100,0.0
x1 x x2,oracle,b2,lin,False,100,0.0
x1 x x2,oracle,z,none,True,100,1.0
x1 x x2,rsf,old,lin,False,100,0.0
x1 x x2,rsf,comorb,lin,False,100,0.15
x1 x x2,rsf,x1,lin,False,100,0.0
x1 x x2,rsf,x2,quad,False,100,0.0
x1 x x2,rsf,b2,lin,False,100,0.0
x1 x x2,rsf,z,none,True,100,0.0
