scenario,explainer,feature,shape,truly_nonlinear,reps,flagged_current,flagged_old_rule
additive,oracle,x1,lin,False,200,0.0,0.0
additive,oracle,x2,quad,True,200,1.0,0.105
additive,oracle,z,none,False,200,0.0,0.0
additive,rsf,x1,lin,False,200,0.98,0.0
additive,rsf,x2,quad,True,200,1.0,0.23
additive,rsf,z,none,False,200,0.98,0.335
nonlinear shapes,oracle,null,none,False,200,0.0,0.0
nonlinear shapes,oracle,lin,lin,False,200,0.0,0.0
nonlinear shapes,oracle,quad,quad,True,200,1.0,0.765
nonlinear shapes,oracle,hinge,hinge,True,200,1.0,0.0
nonlinear shapes,oracle,sine,sine,True,200,1.0,0.01
nonlinear shapes,oracle,cat,levels,True,200,1.0,0.665
nonlinear shapes,oracle,ordlin,lin,False,200,0.0,0.0
nonlinear shapes,rsf,null,none,False,199,1.0,0.18090452261306533
nonlinear shapes,rsf,lin,lin,False,199,1.0,0.0
nonlinear shapes,rsf,quad,quad,True,199,1.0,0.6080402010050251
nonlinear shapes,rsf,hinge,hinge,True,199,1.0,0.005025125628140704
nonlinear shapes,rsf,sine,sine,True,199,1.0,0.0
nonlinear shapes,rsf,cat,levels,True,199,1.0,0.3869346733668342
nonlinear shapes,rsf,ordlin,lin,False,199,1.0,0.0
old x comorb,oracle,x1,lin,False,100,0.0,0.0
old x comorb,oracle,x2,quad,True,100,1.0,0.08
old x comorb,oracle,z,none,False,100,0.0,0.0
old x comorb,rsf,x1,lin,False,100,0.99,0.0
old x comorb,rsf,x2,quad,True,100,1.0,0.2
old x comorb,rsf,z,none,False,100,0.99,0.32
old x x1,oracle,x1,lin,False,100,0.05,0.0
old x x1,oracle,x2,quad,True,100,1.0,0.08
old x x1,oracle,z,none,False,100,0.0,0.0
old x x1,rsf,x1,lin,False,100,0.99,0.0
old x x1,rsf,x2,quad,True,100,1.0,0.27
old x x1,rsf,z,none,False,100,0.97,0.34
x1 x x2,oracle,x1,lin,False,100,1.0,0.0
x1 x x2,oracle,x2,quad,True,100,1.0,0.09
x1 x x2,oracle,z,none,False,100,0.0,0.0
x1 x x2,rsf,x1,lin,False,100,0.99,0.02
x1 x x2,rsf,x2,quad,True,100,1.0,0.34
x1 x x2,rsf,z,none,False,100,1.0,0.19
