level,scenario,gamma,reference,test,reps,noise_sd,rejection_rate,mc_se,median_p
A: attributions,old x comorbidity,0.0,published reference,Wilcoxon rank-sum (published),1000,0.15,1.0,0.0,2.7580625277523294e-42
A: attributions,old x comorbidity,0.0,published reference,within-stratum contrast (current),1000,0.15,0.048,0.006759881655768835,0.5344536304968821
A: attributions,old x comorbidity,0.0,current reference,Wilcoxon rank-sum (published),1000,0.15,1.0,0.0,9.424174114282329e-43
A: attributions,old x comorbidity,0.0,current reference,within-stratum contrast (current),1000,0.15,0.048,0.006759881655768835,0.48471035419714426
A: attributions,old x comorbidity,0.05,published reference,Wilcoxon rank-sum (published),1000,0.15,1.0,0.0,8.278575315555958e-52
A: attributions,old x comorbidity,0.05,published reference,within-stratum contrast (current),1000,0.15,0.921,0.008529888627643386,0.0009178807863738543
A: attributions,old x comorbidity,0.05,current reference,Wilcoxon rank-sum (published),1000,0.15,1.0,0.0,1.7955778240174898e-38
A: attributions,old x comorbidity,0.05,current reference,within-stratum contrast (current),1000,0.15,0.35,0.015083103128998356,0.10353599167897534
A: attributions,old x comorbidity,0.1,published reference,Wilcoxon rank-sum (published),1000,0.15,1.0,0.0,5.458057844780497e-62
A: attributions,old x comorbidity,0.1,published reference,within-stratum contrast (current),1000,0.15,1.0,0.0,4.3821287710114526e-11
A: attributions,old x comorbidity,0.1,current reference,Wilcoxon rank-sum (published),1000,0.15,1.0,0.0,8.288728067276012e-34
A: attributions,old x comorbidity,0.1,current reference,within-stratum contrast (current),1000,0.15,0.899,0.009528850927577784,0.0008572767663457563
A: attributions,old x comorbidity,0.2,published reference,Wilcoxon rank-sum (published),1000,0.15,1.0,0.0,1.6537959083805946e-83
A: attributions,old x comorbidity,0.2,published reference,within-stratum contrast (current),1000,0.15,1.0,0.0,1.8149078252676048e-40
A: attributions,old x comorbidity,0.2,current reference,Wilcoxon rank-sum (published),1000,0.15,1.0,0.0,3.1736200419343954e-26
A: attributions,old x comorbidity,0.2,current reference,within-stratum contrast (current),1000,0.15,1.0,0.0,5.61320259738208e-11
A: attributions,old x comorbidity,0.0,published reference,Wilcoxon rank-sum (published),1000,0.05,1.0,0.0,2.662358883157036e-263
A: attributions,old x comorbidity,0.0,published reference,within-stratum contrast (current),1000,0.05,0.049,0.006826346021115542,0.5272025459691327
A: attributions,old x comorbidity,0.0,current reference,Wilcoxon rank-sum (published),1000,0.05,1.0,0.0,1.0964321769723213e-42
A: attributions,old x comorbidity,0.0,current reference,within-stratum contrast (current),1000,0.05,0.044,0.006485676526007136,0.5108687426873115
A: attributions,old x comorbidity,0.0,published reference,Wilcoxon rank-sum (published),1000,0.3,0.896,0.009653186002558947,0.002506772995653084
A: attributions,old x comorbidity,0.0,published reference,within-stratum contrast (current),1000,0.3,0.039,0.006122009474020765,0.5071503497184697
A: attributions,old x comorbidity,0.0,current reference,Wilcoxon rank-sum (published),1000,0.3,1.0,0.0,9.258534758057053e-38
A: attributions,old x comorbidity,0.0,current reference,within-stratum contrast (current),1000,0.3,0.057,0.007331507348424334,0.49704648698372494
