scenario,explainer,stage,reps,any_false_pair,mean_false_pairs,true_pair_found,note,mc_se_false
additive,oracle,screened,200,0.0,0.0,,"exact attributions: the screen returns P = 1 when the attribution covariance is numerically zero, so no pair can be screened",0.0
additive,oracle,confirmed,200,0.0,0.0,,"exact attributions: the screen returns P = 1 when the attribution covariance is numerically zero, so no pair can be screened",0.0
additive,oracle,entered,200,0.0,0.0,,"exact attributions: the screen returns P = 1 when the attribution covariance is numerically zero, so no pair can be screened",0.0
additive,rsf,screened,200,0.985,5.245,,,0.008595056718835545
additive,rsf,confirmed,200,0.105,0.135,,,0.021676600286945368
additive,rsf,entered,200,0.105,0.135,,,0.021676600286945368
nonlinear shapes,oracle,screened,200,0.01,0.01,,"exact attributions: the screen returns P = 1 when the attribution covariance is numerically zero, so no pair can be screened",0.007035623639735145
nonlinear shapes,oracle,confirmed,200,0.0,0.0,,"exact attributions: the screen returns P = 1 when the attribution covariance is numerically zero, so no pair can be screened",0.0
nonlinear shapes,oracle,entered,200,0.0,0.0,,"exact attributions: the screen returns P = 1 when the attribution covariance is numerically zero, so no pair can be screened",0.0
nonlinear shapes,rsf,screened,199,0.9849246231155779,4.492462311557789,,,0.008637917432397585
nonlinear shapes,rsf,confirmed,199,0.20100502512562815,0.24120603015075376,,,0.028408541871339454
nonlinear shapes,rsf,entered,199,0.20100502512562815,0.24120603015075376,,,0.028408541871339454
old x comorb,oracle,screened,100,0.0,0.0,0.01,"exact attributions: the screen returns P = 1 when the attribution covariance is numerically zero, so no pair can be screened",0.0
old x comorb,oracle,confirmed,100,0.0,0.0,0.01,"exact attributions: the screen returns P = 1 when the attribution covariance is numerically zero, so no pair can be screened",0.0
old x comorb,oracle,entered,100,0.0,0.0,0.01,"exact attributions: the screen returns P = 1 when the attribution covariance is numerically zero, so no pair can be screened",0.0
old x comorb,rsf,screened,100,1.0,5.34,0.04,,0.0
old x comorb,rsf,confirmed,100,0.06,0.07,0.04,,0.023748684174075833
old x comorb,rsf,entered,100,0.06,0.07,0.04,,0.023748684174075833
old x x1,oracle,screened,100,0.0,0.0,0.09,"exact attributions: the screen returns P = 1 when the attribution covariance is numerically zero, so no pair can be screened",0.0
old x x1,oracle,confirmed,100,0.0,0.0,0.09,"exact attributions: the screen returns P = 1 when the attribution covariance is numerically zero, so no pair can be screened",0.0
old x x1,oracle,entered,100,0.0,0.0,0.09,"exact attributions: the screen returns P = 1 when the attribution covariance is numerically zero, so no pair can be screened",0.0
old x x1,rsf,screened,100,1.0,5.36,1.0,,0.0
old x x1,rsf,confirmed,100,0.43,0.65,1.0,,0.04950757517794625
old x x1,rsf,entered,100,0.43,0.65,1.0,,0.04950757517794625
x1 x x2,oracle,screened,100,0.0,0.0,1.0,"exact attributions: the screen returns P = 1 when the attribution covariance is numerically zero, so no pair can be screened",0.0
x1 x x2,oracle,confirmed,100,0.0,0.0,1.0,"exact attributions: the screen returns P = 1 when the attribution covariance is numerically zero, so no pair can be screened",0.0
x1 x x2,oracle,entered,100,0.0,0.0,1.0,"exact attributions: the screen returns P = 1 when the attribution covariance is numerically zero, so no pair can be screened",0.0
x1 x x2,rsf,screened,100,1.0,5.2,1.0,,0.0
x1 x x2,rsf,confirmed,100,0.1,0.16,1.0,,0.030000000000000002
x1 x x2,rsf,entered,100,0.1,0.16,1.0,,0.030000000000000002
